,accuracy/valid,accuracy/test,accuracy/full,data,validation_loss,validation_data,model,mode,template_type
0,0.3417085427135678,0.34296831573096165,0.34284284284284283,bats,0.5891264903394482,semeval2012,relbert_output/ckpt/albert_auto_c822/epoch_2,average_no_mask,
1,0.32432432432432434,0.3086053412462908,0.31016042780748665,sat,0.5891264903394482,semeval2012,relbert_output/ckpt/albert_auto_c822/epoch_2,average_no_mask,
2,0.25,0.32894736842105265,0.32142857142857145,u2,0.5891264903394482,semeval2012,relbert_output/ckpt/albert_auto_c822/epoch_2,average_no_mask,
3,0.3125,0.32175925925925924,0.32083333333333336,u4,0.5891264903394482,semeval2012,relbert_output/ckpt/albert_auto_c822/epoch_2,average_no_mask,
4,0.24,0.288,0.28363636363636363,google,0.5891264903394482,semeval2012,relbert_output/ckpt/albert_auto_c822/epoch_2,average_no_mask,
5,0.24623115577889448,0.2695942190105614,0.2672672672672673,bats,7.0515217841426026,semeval2012,relbert_output/ckpt/albert_auto_c823/epoch_2,average_no_mask,
6,0.21621621621621623,0.2195845697329377,0.2192513368983957,sat,7.0515217841426026,semeval2012,relbert_output/ckpt/albert_auto_c823/epoch_2,average_no_mask,
7,0.2916666666666667,0.25,0.25396825396825395,u2,7.0515217841426026,semeval2012,relbert_output/ckpt/albert_auto_c823/epoch_2,average_no_mask,
8,0.2708333333333333,0.24305555555555555,0.24583333333333332,u4,7.0515217841426026,semeval2012,relbert_output/ckpt/albert_auto_c823/epoch_2,average_no_mask,
9,0.26,0.28,0.2781818181818182,google,7.0515217841426026,semeval2012,relbert_output/ckpt/albert_auto_c823/epoch_2,average_no_mask,
10,0.35678391959798994,0.3913285158421345,0.38788788788788786,bats,0.3162029362932036,semeval2012,relbert_output/ckpt/albert_auto_c832/epoch_2,average_no_mask,
11,0.16216216216216217,0.29376854599406527,0.2807486631016043,sat,0.3162029362932036,semeval2012,relbert_output/ckpt/albert_auto_c832/epoch_2,average_no_mask,
12,0.2916666666666667,0.36403508771929827,0.35714285714285715,u2,0.3162029362932036,semeval2012,relbert_output/ckpt/albert_auto_c832/epoch_2,average_no_mask,
13,0.25,0.33796296296296297,0.32916666666666666,u4,0.3162029362932036,semeval2012,relbert_output/ckpt/albert_auto_c832/epoch_2,average_no_mask,
14,0.3,0.356,0.3509090909090909,google,0.3162029362932036,semeval2012,relbert_output/ckpt/albert_auto_c832/epoch_2,average_no_mask,
15,0.3015075376884422,0.27292940522512504,0.2757757757757757,bats,13.400242286392405,semeval2012,relbert_output/ckpt/albert_auto_c833/epoch_2,average_no_mask,
16,0.10810810810810811,0.2551928783382789,0.24064171122994651,sat,13.400242286392405,semeval2012,relbert_output/ckpt/albert_auto_c833/epoch_2,average_no_mask,
17,0.20833333333333334,0.25,0.24603174603174602,u2,13.400242286392405,semeval2012,relbert_output/ckpt/albert_auto_c833/epoch_2,average_no_mask,
18,0.20833333333333334,0.26851851851851855,0.2625,u4,13.400242286392405,semeval2012,relbert_output/ckpt/albert_auto_c833/epoch_2,average_no_mask,
19,0.34,0.284,0.28909090909090907,google,13.400242286392405,semeval2012,relbert_output/ckpt/albert_auto_c833/epoch_2,average_no_mask,
20,0.21608040201005024,0.2506948304613674,0.24724724724724725,bats,30.314429947092563,semeval2012,relbert_output/ckpt/albert_auto_c922/epoch_2,average_no_mask,
21,0.21621621621621623,0.19287833827893175,0.19518716577540107,sat,30.314429947092563,semeval2012,relbert_output/ckpt/albert_auto_c922/epoch_2,average_no_mask,
22,0.2916666666666667,0.23684210526315788,0.24206349206349206,u2,30.314429947092563,semeval2012,relbert_output/ckpt/albert_auto_c922/epoch_2,average_no_mask,
23,0.16666666666666666,0.2152777777777778,0.21041666666666667,u4,30.314429947092563,semeval2012,relbert_output/ckpt/albert_auto_c922/epoch_2,average_no_mask,
24,0.24,0.244,0.24363636363636362,google,30.314429947092563,semeval2012,relbert_output/ckpt/albert_auto_c922/epoch_2,average_no_mask,
25,0.3165829145728643,0.2934963868816009,0.2957957957957958,bats,4.697194352934632,semeval2012,relbert_output/ckpt/albert_auto_c923/epoch_2,average_no_mask,
26,0.21621621621621623,0.18991097922848665,0.1925133689839572,sat,4.697194352934632,semeval2012,relbert_output/ckpt/albert_auto_c923/epoch_2,average_no_mask,
27,0.2916666666666667,0.21929824561403508,0.2261904761904762,u2,4.697194352934632,semeval2012,relbert_output/ckpt/albert_auto_c923/epoch_2,average_no_mask,
28,0.22916666666666666,0.24305555555555555,0.24166666666666667,u4,4.697194352934632,semeval2012,relbert_output/ckpt/albert_auto_c923/epoch_2,average_no_mask,
29,0.26,0.26,0.26,google,4.697194352934632,semeval2012,relbert_output/ckpt/albert_auto_c923/epoch_2,average_no_mask,
30,0.2663316582914573,0.3218454697053919,0.3163163163163163,bats,0.6328423415558248,semeval2012,relbert_output/ckpt/albert_auto_c932/epoch_2,average_no_mask,
31,0.24324324324324326,0.32344213649851633,0.3155080213903743,sat,0.6328423415558248,semeval2012,relbert_output/ckpt/albert_auto_c932/epoch_2,average_no_mask,
32,0.2916666666666667,0.32894736842105265,0.3253968253968254,u2,0.6328423415558248,semeval2012,relbert_output/ckpt/albert_auto_c932/epoch_2,average_no_mask,
33,0.2708333333333333,0.3101851851851852,0.30625,u4,0.6328423415558248,semeval2012,relbert_output/ckpt/albert_auto_c932/epoch_2,average_no_mask,
34,0.26,0.258,0.2581818181818182,google,0.6328423415558248,semeval2012,relbert_output/ckpt/albert_auto_c932/epoch_2,average_no_mask,
35,0.34673366834170855,0.3924402445803224,0.38788788788788786,bats,0.5792967639391935,semeval2012,relbert_output/ckpt/albert_auto_c933/epoch_2,average_no_mask,
36,0.24324324324324326,0.29080118694362017,0.28609625668449196,sat,0.5792967639391935,semeval2012,relbert_output/ckpt/albert_auto_c933/epoch_2,average_no_mask,
37,0.25,0.34649122807017546,0.3373015873015873,u2,0.5792967639391935,semeval2012,relbert_output/ckpt/albert_auto_c933/epoch_2,average_no_mask,
38,0.3333333333333333,0.3587962962962963,0.35625,u4,0.5792967639391935,semeval2012,relbert_output/ckpt/albert_auto_c933/epoch_2,average_no_mask,
39,0.34,0.358,0.3563636363636364,google,0.5792967639391935,semeval2012,relbert_output/ckpt/albert_auto_c933/epoch_2,average_no_mask,
40,0.6482412060301508,0.6297943301834352,0.6316316316316316,bats,0.08987062792234783,semeval2012,relbert_output/ckpt/albert_custom_a/epoch_2,average_no_mask,
41,0.4864864864864865,0.34718100890207715,0.3609625668449198,sat,0.08987062792234783,semeval2012,relbert_output/ckpt/albert_custom_a/epoch_2,average_no_mask,
42,0.3333333333333333,0.3815789473684211,0.376984126984127,u2,0.08987062792234783,semeval2012,relbert_output/ckpt/albert_custom_a/epoch_2,average_no_mask,
43,0.3333333333333333,0.36574074074074076,0.3625,u4,0.08987062792234783,semeval2012,relbert_output/ckpt/albert_custom_a/epoch_2,average_no_mask,
44,0.72,0.704,0.7054545454545454,google,0.08987062792234783,semeval2012,relbert_output/ckpt/albert_custom_a/epoch_2,average_no_mask,
45,0.5728643216080402,0.5408560311284046,0.544044044044044,bats,0.06841626650170435,semeval2012,relbert_output/ckpt/albert_custom_b/epoch_2,average_no_mask,
46,0.32432432432432434,0.3768545994065282,0.3716577540106952,sat,0.06841626650170435,semeval2012,relbert_output/ckpt/albert_custom_b/epoch_2,average_no_mask,
47,0.25,0.37719298245614036,0.36507936507936506,u2,0.06841626650170435,semeval2012,relbert_output/ckpt/albert_custom_b/epoch_2,average_no_mask,
48,0.3958333333333333,0.36574074074074076,0.36875,u4,0.06841626650170435,semeval2012,relbert_output/ckpt/albert_custom_b/epoch_2,average_no_mask,
49,0.58,0.652,0.6454545454545455,google,0.06841626650170435,semeval2012,relbert_output/ckpt/albert_custom_b/epoch_2,average_no_mask,
50,0.4120603015075377,0.37965536409116174,0.38288288288288286,bats,0.17228886447375333,semeval2012,relbert_output/ckpt/albert_custom_c/epoch_2,average_no_mask,
51,0.3783783783783784,0.3323442136498516,0.33689839572192515,sat,0.17228886447375333,semeval2012,relbert_output/ckpt/albert_custom_c/epoch_2,average_no_mask,
52,0.20833333333333334,0.38596491228070173,0.36904761904761907,u2,0.17228886447375333,semeval2012,relbert_output/ckpt/albert_custom_c/epoch_2,average_no_mask,
53,0.2916666666666667,0.33796296296296297,0.3333333333333333,u4,0.17228886447375333,semeval2012,relbert_output/ckpt/albert_custom_c/epoch_2,average_no_mask,
54,0.22,0.34,0.3290909090909091,google,0.17228886447375333,semeval2012,relbert_output/ckpt/albert_custom_c/epoch_2,average_no_mask,
55,0.5678391959798995,0.5708727070594775,0.5705705705705706,bats,0.17449726635896706,semeval2012,relbert_output/ckpt/albert_custom_d/epoch_2,average_no_mask,
56,0.40540540540540543,0.35014836795252224,0.35561497326203206,sat,0.17449726635896706,semeval2012,relbert_output/ckpt/albert_custom_d/epoch_2,average_no_mask,
57,0.3333333333333333,0.3684210526315789,0.36507936507936506,u2,0.17449726635896706,semeval2012,relbert_output/ckpt/albert_custom_d/epoch_2,average_no_mask,
58,0.4583333333333333,0.3611111111111111,0.37083333333333335,u4,0.17449726635896706,semeval2012,relbert_output/ckpt/albert_custom_d/epoch_2,average_no_mask,
59,0.56,0.61,0.6054545454545455,google,0.17449726635896706,semeval2012,relbert_output/ckpt/albert_custom_d/epoch_2,average_no_mask,
60,0.628140703517588,0.6281267370761534,0.6281281281281281,bats,0.07268907450422456,semeval2012,relbert_output/ckpt/albert_custom_e/epoch_2,average_no_mask,
61,0.40540540540540543,0.3353115727002967,0.3422459893048128,sat,0.07268907450422456,semeval2012,relbert_output/ckpt/albert_custom_e/epoch_2,average_no_mask,
62,0.3333333333333333,0.39035087719298245,0.38492063492063494,u2,0.07268907450422456,semeval2012,relbert_output/ckpt/albert_custom_e/epoch_2,average_no_mask,
63,0.3958333333333333,0.3773148148148148,0.37916666666666665,u4,0.07268907450422456,semeval2012,relbert_output/ckpt/albert_custom_e/epoch_2,average_no_mask,
64,0.68,0.68,0.68,google,0.07268907450422456,semeval2012,relbert_output/ckpt/albert_custom_e/epoch_2,average_no_mask,
65,0.6432160804020101,0.6470261256253474,0.6466466466466466,bats,0.09257208244710029,semeval2012,relbert_output/ckpt/bert_auto_c822/epoch_2,average_no_mask,
66,0.43243243243243246,0.4629080118694362,0.45989304812834225,sat,0.09257208244710029,semeval2012,relbert_output/ckpt/bert_auto_c822/epoch_2,average_no_mask,
67,0.4166666666666667,0.4649122807017544,0.4603174603174603,u2,0.09257208244710029,semeval2012,relbert_output/ckpt/bert_auto_c822/epoch_2,average_no_mask,
68,0.4166666666666667,0.4675925925925926,0.4625,u4,0.09257208244710029,semeval2012,relbert_output/ckpt/bert_auto_c822/epoch_2,average_no_mask,
69,0.8,0.784,0.7854545454545454,google,0.09257208244710029,semeval2012,relbert_output/ckpt/bert_auto_c822/epoch_2,average_no_mask,
70,0.542713567839196,0.556420233463035,0.555055055055055,bats,0.2739339297330832,semeval2012,relbert_output/ckpt/bert_auto_c823/epoch_2,average_no_mask,
71,0.43243243243243246,0.41839762611275966,0.4197860962566845,sat,0.2739339297330832,semeval2012,relbert_output/ckpt/bert_auto_c823/epoch_2,average_no_mask,
72,0.4166666666666667,0.4298245614035088,0.42857142857142855,u2,0.2739339297330832,semeval2012,relbert_output/ckpt/bert_auto_c823/epoch_2,average_no_mask,
73,0.3958333333333333,0.41203703703703703,0.41041666666666665,u4,0.2739339297330832,semeval2012,relbert_output/ckpt/bert_auto_c823/epoch_2,average_no_mask,
74,0.68,0.668,0.6690909090909091,google,0.2739339297330832,semeval2012,relbert_output/ckpt/bert_auto_c823/epoch_2,average_no_mask,
75,0.6432160804020101,0.6542523624235687,0.6531531531531531,bats,0.2021208050884778,semeval2012,relbert_output/ckpt/bert_auto_c832/epoch_2,average_no_mask,
76,0.35135135135135137,0.3916913946587537,0.3877005347593583,sat,0.2021208050884778,semeval2012,relbert_output/ckpt/bert_auto_c832/epoch_2,average_no_mask,
77,0.4166666666666667,0.49122807017543857,0.48412698412698413,u2,0.2021208050884778,semeval2012,relbert_output/ckpt/bert_auto_c832/epoch_2,average_no_mask,
78,0.4791666666666667,0.4583333333333333,0.46041666666666664,u4,0.2021208050884778,semeval2012,relbert_output/ckpt/bert_auto_c832/epoch_2,average_no_mask,
79,0.74,0.75,0.7490909090909091,google,0.2021208050884778,semeval2012,relbert_output/ckpt/bert_auto_c832/epoch_2,average_no_mask,
80,0.5577889447236181,0.5964424680377988,0.5925925925925926,bats,0.42111548894568335,semeval2012,relbert_output/ckpt/bert_auto_c833/epoch_2,average_no_mask,
81,0.3783783783783784,0.39762611275964393,0.39572192513368987,sat,0.42111548894568335,semeval2012,relbert_output/ckpt/bert_auto_c833/epoch_2,average_no_mask,
82,0.4583333333333333,0.3815789473684211,0.3888888888888889,u2,0.42111548894568335,semeval2012,relbert_output/ckpt/bert_auto_c833/epoch_2,average_no_mask,
83,0.4166666666666667,0.3958333333333333,0.39791666666666664,u4,0.42111548894568335,semeval2012,relbert_output/ckpt/bert_auto_c833/epoch_2,average_no_mask,
84,0.72,0.648,0.6545454545454545,google,0.42111548894568335,semeval2012,relbert_output/ckpt/bert_auto_c833/epoch_2,average_no_mask,
85,0.33668341708542715,0.3368538076709283,0.33683683683683685,bats,2.4364456949354727,semeval2012,relbert_output/ckpt/bert_auto_c922/epoch_2,average_no_mask,
86,0.16216216216216217,0.2551928783382789,0.24598930481283424,sat,2.4364456949354727,semeval2012,relbert_output/ckpt/bert_auto_c922/epoch_2,average_no_mask,
87,0.2916666666666667,0.2807017543859649,0.28174603174603174,u2,2.4364456949354727,semeval2012,relbert_output/ckpt/bert_auto_c922/epoch_2,average_no_mask,
88,0.22916666666666666,0.27314814814814814,0.26875,u4,2.4364456949354727,semeval2012,relbert_output/ckpt/bert_auto_c922/epoch_2,average_no_mask,
89,0.3,0.278,0.28,google,2.4364456949354727,semeval2012,relbert_output/ckpt/bert_auto_c922/epoch_2,average_no_mask,
90,0.2562814070351759,0.2501389660922735,0.25075075075075076,bats,4.048876026008703,semeval2012,relbert_output/ckpt/bert_auto_c923/epoch_2,average_no_mask,
91,0.13513513513513514,0.2166172106824926,0.20855614973262032,sat,4.048876026008703,semeval2012,relbert_output/ckpt/bert_auto_c923/epoch_2,average_no_mask,
92,0.20833333333333334,0.27631578947368424,0.2698412698412698,u2,4.048876026008703,semeval2012,relbert_output/ckpt/bert_auto_c923/epoch_2,average_no_mask,
93,0.16666666666666666,0.27314814814814814,0.2625,u4,4.048876026008703,semeval2012,relbert_output/ckpt/bert_auto_c923/epoch_2,average_no_mask,
94,0.16,0.218,0.21272727272727274,google,4.048876026008703,semeval2012,relbert_output/ckpt/bert_auto_c923/epoch_2,average_no_mask,
95,0.6381909547738693,0.6247915508615898,0.6261261261261262,bats,0.2348797230780879,semeval2012,relbert_output/ckpt/bert_auto_c932/epoch_2,average_no_mask,
96,0.40540540540540543,0.4362017804154303,0.43315508021390375,sat,0.2348797230780879,semeval2012,relbert_output/ckpt/bert_auto_c932/epoch_2,average_no_mask,
97,0.5416666666666666,0.40350877192982454,0.4166666666666667,u2,0.2348797230780879,semeval2012,relbert_output/ckpt/bert_auto_c932/epoch_2,average_no_mask,
98,0.4583333333333333,0.38425925925925924,0.39166666666666666,u4,0.2348797230780879,semeval2012,relbert_output/ckpt/bert_auto_c932/epoch_2,average_no_mask,
99,0.66,0.706,0.7018181818181818,google,0.2348797230780879,semeval2012,relbert_output/ckpt/bert_auto_c932/epoch_2,average_no_mask,
100,0.47738693467336685,0.4841578654808227,0.48348348348348347,bats,0.5440619504904445,semeval2012,relbert_output/ckpt/bert_auto_c933/epoch_2,average_no_mask,
101,0.43243243243243246,0.3857566765578635,0.39037433155080214,sat,0.5440619504904445,semeval2012,relbert_output/ckpt/bert_auto_c933/epoch_2,average_no_mask,
102,0.4166666666666667,0.38596491228070173,0.3888888888888889,u2,0.5440619504904445,semeval2012,relbert_output/ckpt/bert_auto_c933/epoch_2,average_no_mask,
103,0.4583333333333333,0.39351851851851855,0.4,u4,0.5440619504904445,semeval2012,relbert_output/ckpt/bert_auto_c933/epoch_2,average_no_mask,
104,0.58,0.508,0.5145454545454545,google,0.5440619504904445,semeval2012,relbert_output/ckpt/bert_auto_c933/epoch_2,average_no_mask,
105,0.2864321608040201,0.2784880489160645,0.27927927927927926,bats,1.7633323186560521,semeval2012,relbert_output/ckpt/bert_auto_d822/epoch_2,average_no_mask,
106,0.16216216216216217,0.2522255192878338,0.24331550802139038,sat,1.7633323186560521,semeval2012,relbert_output/ckpt/bert_auto_d822/epoch_2,average_no_mask,
107,0.125,0.23684210526315788,0.2261904761904762,u2,1.7633323186560521,semeval2012,relbert_output/ckpt/bert_auto_d822/epoch_2,average_no_mask,
108,0.20833333333333334,0.24768518518518517,0.24375,u4,1.7633323186560521,semeval2012,relbert_output/ckpt/bert_auto_d822/epoch_2,average_no_mask,
109,0.26,0.292,0.28909090909090907,google,1.7633323186560521,semeval2012,relbert_output/ckpt/bert_auto_d822/epoch_2,average_no_mask,
110,0.32663316582914576,0.33240689271817675,0.33183183183183185,bats,0.1953179142143153,semeval2012,relbert_output/ckpt/bert_auto_d823/epoch_2,average_no_mask,
111,0.3783783783783784,0.3887240356083086,0.3877005347593583,sat,0.1953179142143153,semeval2012,relbert_output/ckpt/bert_auto_d823/epoch_2,average_no_mask,
112,0.4166666666666667,0.3684210526315789,0.373015873015873,u2,0.1953179142143153,semeval2012,relbert_output/ckpt/bert_auto_d823/epoch_2,average_no_mask,
113,0.375,0.4166666666666667,0.4125,u4,0.1953179142143153,semeval2012,relbert_output/ckpt/bert_auto_d823/epoch_2,average_no_mask,
114,0.3,0.416,0.40545454545454546,google,0.1953179142143153,semeval2012,relbert_output/ckpt/bert_auto_d823/epoch_2,average_no_mask,
115,0.628140703517588,0.6553640911617565,0.6526526526526526,bats,0.21596680411809607,semeval2012,relbert_output/ckpt/bert_auto_d833/epoch_2,average_no_mask,
116,0.4864864864864865,0.3798219584569733,0.39037433155080214,sat,0.21596680411809607,semeval2012,relbert_output/ckpt/bert_auto_d833/epoch_2,average_no_mask,
117,0.4583333333333333,0.4166666666666667,0.42063492063492064,u2,0.21596680411809607,semeval2012,relbert_output/ckpt/bert_auto_d833/epoch_2,average_no_mask,
118,0.4583333333333333,0.41435185185185186,0.41875,u4,0.21596680411809607,semeval2012,relbert_output/ckpt/bert_auto_d833/epoch_2,average_no_mask,
119,0.76,0.73,0.7327272727272728,google,0.21596680411809607,semeval2012,relbert_output/ckpt/bert_auto_d833/epoch_2,average_no_mask,
120,0.5276381909547738,0.5380767092829349,0.5370370370370371,bats,0.12966423396822774,semeval2012,relbert_output/ckpt/bert_auto_d922/epoch_2,average_no_mask,
121,0.4594594594594595,0.3827893175074184,0.39037433155080214,sat,0.12966423396822774,semeval2012,relbert_output/ckpt/bert_auto_d922/epoch_2,average_no_mask,
122,0.3333333333333333,0.36403508771929827,0.3611111111111111,u2,0.12966423396822774,semeval2012,relbert_output/ckpt/bert_auto_d922/epoch_2,average_no_mask,
123,0.3333333333333333,0.39351851851851855,0.3875,u4,0.12966423396822774,semeval2012,relbert_output/ckpt/bert_auto_d922/epoch_2,average_no_mask,
124,0.58,0.626,0.6218181818181818,google,0.12966423396822774,semeval2012,relbert_output/ckpt/bert_auto_d922/epoch_2,average_no_mask,
125,0.31155778894472363,0.33518621456364645,0.3328328328328328,bats,1.0009150927579855,semeval2012,relbert_output/ckpt/bert_auto_d923/epoch_2,average_no_mask,
126,0.21621621621621623,0.2551928783382789,0.25133689839572193,sat,1.0009150927579855,semeval2012,relbert_output/ckpt/bert_auto_d923/epoch_2,average_no_mask,
127,0.3333333333333333,0.3026315789473684,0.3055555555555556,u2,1.0009150927579855,semeval2012,relbert_output/ckpt/bert_auto_d923/epoch_2,average_no_mask,
128,0.2916666666666667,0.2638888888888889,0.26666666666666666,u4,1.0009150927579855,semeval2012,relbert_output/ckpt/bert_auto_d923/epoch_2,average_no_mask,
129,0.32,0.282,0.28545454545454546,google,1.0009150927579855,semeval2012,relbert_output/ckpt/bert_auto_d923/epoch_2,average_no_mask,
130,0.5376884422110553,0.5364091161756531,0.5365365365365365,bats,0.12877814377410501,semeval2012,relbert_output/ckpt/bert_auto_d932/epoch_2,average_no_mask,
131,0.5135135135135135,0.39762611275964393,0.4090909090909091,sat,0.12877814377410501,semeval2012,relbert_output/ckpt/bert_auto_d932/epoch_2,average_no_mask,
132,0.3333333333333333,0.40350877192982454,0.3968253968253968,u2,0.12877814377410501,semeval2012,relbert_output/ckpt/bert_auto_d932/epoch_2,average_no_mask,
133,0.3125,0.41435185185185186,0.4041666666666667,u4,0.12877814377410501,semeval2012,relbert_output/ckpt/bert_auto_d932/epoch_2,average_no_mask,
134,0.68,0.636,0.64,google,0.12877814377410501,semeval2012,relbert_output/ckpt/bert_auto_d932/epoch_2,average_no_mask,
135,0.3065326633165829,0.2801556420233463,0.2827827827827828,bats,0.8215520351747924,semeval2012,relbert_output/ckpt/bert_auto_d933/epoch_2,average_no_mask,
136,0.2972972972972973,0.2314540059347181,0.23796791443850268,sat,0.8215520351747924,semeval2012,relbert_output/ckpt/bert_auto_d933/epoch_2,average_no_mask,
137,0.25,0.24561403508771928,0.24603174603174602,u2,0.8215520351747924,semeval2012,relbert_output/ckpt/bert_auto_d933/epoch_2,average_no_mask,
138,0.2708333333333333,0.2708333333333333,0.2708333333333333,u4,0.8215520351747924,semeval2012,relbert_output/ckpt/bert_auto_d933/epoch_2,average_no_mask,
139,0.22,0.266,0.26181818181818184,google,0.8215520351747924,semeval2012,relbert_output/ckpt/bert_auto_d933/epoch_2,average_no_mask,
140,0.4221105527638191,0.4046692607003891,0.4064064064064064,bats,1.150776778595357,semeval2012,relbert_output/ckpt/bert_custom_a/epoch_2,average_no_mask,
141,0.1891891891891892,0.3086053412462908,0.2967914438502674,sat,1.150776778595357,semeval2012,relbert_output/ckpt/bert_custom_a/epoch_2,average_no_mask,
142,0.625,0.36403508771929827,0.3888888888888889,u2,1.150776778595357,semeval2012,relbert_output/ckpt/bert_custom_a/epoch_2,average_no_mask,
143,0.2708333333333333,0.36574074074074076,0.35625,u4,1.150776778595357,semeval2012,relbert_output/ckpt/bert_custom_a/epoch_2,average_no_mask,
144,0.56,0.478,0.48545454545454547,google,1.150776778595357,semeval2012,relbert_output/ckpt/bert_custom_a/epoch_2,average_no_mask,
145,0.6683417085427136,0.6559199555308505,0.6571571571571572,bats,1.2857056629808643,semeval2012,relbert_output/ckpt/bert_custom_b/epoch_2,average_no_mask,
146,0.4594594594594595,0.4599406528189911,0.45989304812834225,sat,1.2857056629808643,semeval2012,relbert_output/ckpt/bert_custom_b/epoch_2,average_no_mask,
147,0.5,0.42105263157894735,0.42857142857142855,u2,1.2857056629808643,semeval2012,relbert_output/ckpt/bert_custom_b/epoch_2,average_no_mask,
148,0.4375,0.47453703703703703,0.4708333333333333,u4,1.2857056629808643,semeval2012,relbert_output/ckpt/bert_custom_b/epoch_2,average_no_mask,
149,0.8,0.726,0.7327272727272728,google,1.2857056629808643,semeval2012,relbert_output/ckpt/bert_custom_b/epoch_2,average_no_mask,
150,0.27638190954773867,0.2579210672595887,0.25975975975975973,bats,4.92477919180182,semeval2012,relbert_output/ckpt/bert_custom_c/epoch_2,average_no_mask,
151,0.2702702702702703,0.2166172106824926,0.22192513368983957,sat,4.92477919180182,semeval2012,relbert_output/ckpt/bert_custom_c/epoch_2,average_no_mask,
152,0.20833333333333334,0.2631578947368421,0.25793650793650796,u2,4.92477919180182,semeval2012,relbert_output/ckpt/bert_custom_c/epoch_2,average_no_mask,
153,0.2708333333333333,0.24305555555555555,0.24583333333333332,u4,4.92477919180182,semeval2012,relbert_output/ckpt/bert_custom_c/epoch_2,average_no_mask,
154,0.2,0.272,0.26545454545454544,google,4.92477919180182,semeval2012,relbert_output/ckpt/bert_custom_c/epoch_2,average_no_mask,
155,0.6231155778894473,0.6158977209560867,0.6166166166166166,bats,1.0387778946116,semeval2012,relbert_output/ckpt/bert_custom_d/epoch_2,average_no_mask,
156,0.43243243243243246,0.47774480712166173,0.4732620320855615,sat,1.0387778946116,semeval2012,relbert_output/ckpt/bert_custom_d/epoch_2,average_no_mask,
157,0.4583333333333333,0.3815789473684211,0.3888888888888889,u2,1.0387778946116,semeval2012,relbert_output/ckpt/bert_custom_d/epoch_2,average_no_mask,
158,0.375,0.41435185185185186,0.41041666666666665,u4,1.0387778946116,semeval2012,relbert_output/ckpt/bert_custom_d/epoch_2,average_no_mask,
159,0.78,0.7,0.7072727272727273,google,1.0387778946116,semeval2012,relbert_output/ckpt/bert_custom_d/epoch_2,average_no_mask,
160,0.24623115577889448,0.2573652028904947,0.25625625625625625,bats,2.7595189734350276,semeval2012,relbert_output/ckpt/bert_custom_e/epoch_2,average_no_mask,
161,0.2702702702702703,0.17210682492581603,0.18181818181818182,sat,2.7595189734350276,semeval2012,relbert_output/ckpt/bert_custom_e/epoch_2,average_no_mask,
162,0.2916666666666667,0.20614035087719298,0.21428571428571427,u2,2.7595189734350276,semeval2012,relbert_output/ckpt/bert_custom_e/epoch_2,average_no_mask,
163,0.3541666666666667,0.25,0.2604166666666667,u4,2.7595189734350276,semeval2012,relbert_output/ckpt/bert_custom_e/epoch_2,average_no_mask,
164,0.28,0.244,0.24727272727272728,google,2.7595189734350276,semeval2012,relbert_output/ckpt/bert_custom_e/epoch_2,average_no_mask,
165,0.5276381909547738,0.4936075597554197,0.496996996996997,bats,1.9801923534538173,semeval2012,relbert_output/ckpt/roberta_auto_c822/epoch_2,average_no_mask,
166,0.2972972972972973,0.3916913946587537,0.38235294117647056,sat,1.9801923534538173,semeval2012,relbert_output/ckpt/roberta_auto_c822/epoch_2,average_no_mask,
167,0.4166666666666667,0.44298245614035087,0.44047619047619047,u2,1.9801923534538173,semeval2012,relbert_output/ckpt/roberta_auto_c822/epoch_2,average_no_mask,
168,0.4166666666666667,0.3888888888888889,0.39166666666666666,u4,1.9801923534538173,semeval2012,relbert_output/ckpt/roberta_auto_c822/epoch_2,average_no_mask,
169,0.44,0.444,0.44363636363636366,google,1.9801923534538173,semeval2012,relbert_output/ckpt/roberta_auto_c822/epoch_2,average_no_mask,
170,0.6934673366834171,0.6637020566981656,0.6666666666666666,bats,2.634997404074367,semeval2012,relbert_output/ckpt/roberta_auto_c823/epoch_2,average_no_mask,
171,0.5405405405405406,0.5519287833827893,0.5508021390374331,sat,2.634997404074367,semeval2012,relbert_output/ckpt/roberta_auto_c823/epoch_2,average_no_mask,
172,0.4583333333333333,0.4824561403508772,0.4801587301587302,u2,2.634997404074367,semeval2012,relbert_output/ckpt/roberta_auto_c823/epoch_2,average_no_mask,
173,0.5208333333333334,0.4699074074074074,0.475,u4,2.634997404074367,semeval2012,relbert_output/ckpt/roberta_auto_c823/epoch_2,average_no_mask,
174,0.62,0.662,0.6581818181818182,google,2.634997404074367,semeval2012,relbert_output/ckpt/roberta_auto_c823/epoch_2,average_no_mask,
175,0.8040201005025126,0.7387437465258477,0.7452452452452453,bats,3.8655594451518,semeval2012,relbert_output/ckpt/roberta_auto_c832/epoch_2,average_no_mask,
176,0.4594594594594595,0.5341246290801187,0.5267379679144385,sat,3.8655594451518,semeval2012,relbert_output/ckpt/roberta_auto_c832/epoch_2,average_no_mask,
177,0.5,0.5350877192982456,0.5317460317460317,u2,3.8655594451518,semeval2012,relbert_output/ckpt/roberta_auto_c832/epoch_2,average_no_mask,
178,0.5833333333333334,0.4976851851851852,0.50625,u4,3.8655594451518,semeval2012,relbert_output/ckpt/roberta_auto_c832/epoch_2,average_no_mask,
179,0.86,0.832,0.8345454545454546,google,3.8655594451518,semeval2012,relbert_output/ckpt/roberta_auto_c832/epoch_2,average_no_mask,
180,0.7487437185929648,0.7276264591439688,0.7297297297297297,bats,2.7612916004808645,semeval2012,relbert_output/ckpt/roberta_auto_c833/epoch_2,average_no_mask,
181,0.5675675675675675,0.5222551928783383,0.5267379679144386,sat,2.7612916004808645,semeval2012,relbert_output/ckpt/roberta_auto_c833/epoch_2,average_no_mask,
182,0.5416666666666666,0.5087719298245614,0.5119047619047619,u2,2.7612916004808645,semeval2012,relbert_output/ckpt/roberta_auto_c833/epoch_2,average_no_mask,
183,0.5416666666666666,0.4976851851851852,0.5020833333333333,u4,2.7612916004808645,semeval2012,relbert_output/ckpt/roberta_auto_c833/epoch_2,average_no_mask,
184,0.82,0.842,0.84,google,2.7612916004808645,semeval2012,relbert_output/ckpt/roberta_auto_c833/epoch_2,average_no_mask,
185,0.2864321608040201,0.24791550861589773,0.25175175175175174,bats,78.59709688983386,semeval2012,relbert_output/ckpt/roberta_auto_c922/epoch_2,average_no_mask,
186,0.1891891891891892,0.19584569732937684,0.19518716577540107,sat,78.59709688983386,semeval2012,relbert_output/ckpt/roberta_auto_c922/epoch_2,average_no_mask,
187,0.25,0.2149122807017544,0.21825396825396826,u2,78.59709688983386,semeval2012,relbert_output/ckpt/roberta_auto_c922/epoch_2,average_no_mask,
188,0.16666666666666666,0.26851851851851855,0.25833333333333336,u4,78.59709688983386,semeval2012,relbert_output/ckpt/roberta_auto_c922/epoch_2,average_no_mask,
189,0.24,0.254,0.25272727272727274,google,78.59709688983386,semeval2012,relbert_output/ckpt/roberta_auto_c922/epoch_2,average_no_mask,
190,0.21608040201005024,0.2462479155086159,0.24324324324324326,bats,78.20757515822785,semeval2012,relbert_output/ckpt/roberta_auto_c923/epoch_2,average_no_mask,
191,0.24324324324324326,0.2195845697329377,0.22192513368983957,sat,78.20757515822785,semeval2012,relbert_output/ckpt/roberta_auto_c923/epoch_2,average_no_mask,
192,0.08333333333333333,0.27631578947368424,0.25793650793650796,u2,78.20757515822785,semeval2012,relbert_output/ckpt/roberta_auto_c923/epoch_2,average_no_mask,
193,0.25,0.25,0.25,u4,78.20757515822785,semeval2012,relbert_output/ckpt/roberta_auto_c923/epoch_2,average_no_mask,
194,0.22,0.266,0.26181818181818184,google,78.20757515822785,semeval2012,relbert_output/ckpt/roberta_auto_c923/epoch_2,average_no_mask,
195,0.27638190954773867,0.26459143968871596,0.26576576576576577,bats,79.3676912331883,semeval2012,relbert_output/ckpt/roberta_auto_c932/epoch_2,average_no_mask,
196,0.21621621621621623,0.21364985163204747,0.21390374331550802,sat,79.3676912331883,semeval2012,relbert_output/ckpt/roberta_auto_c932/epoch_2,average_no_mask,
197,0.25,0.2807017543859649,0.2777777777777778,u2,79.3676912331883,semeval2012,relbert_output/ckpt/roberta_auto_c932/epoch_2,average_no_mask,
198,0.25,0.2800925925925926,0.27708333333333335,u4,79.3676912331883,semeval2012,relbert_output/ckpt/roberta_auto_c932/epoch_2,average_no_mask,
199,0.18,0.272,0.2636363636363636,google,79.3676912331883,semeval2012,relbert_output/ckpt/roberta_auto_c932/epoch_2,average_no_mask,
200,0.2864321608040201,0.2506948304613674,0.25425425425425424,bats,81.1744492929193,semeval2012,relbert_output/ckpt/roberta_auto_c933/epoch_2,average_no_mask,
201,0.16216216216216217,0.2195845697329377,0.21390374331550802,sat,81.1744492929193,semeval2012,relbert_output/ckpt/roberta_auto_c933/epoch_2,average_no_mask,
202,0.25,0.24561403508771928,0.24603174603174602,u2,81.1744492929193,semeval2012,relbert_output/ckpt/roberta_auto_c933/epoch_2,average_no_mask,
203,0.2708333333333333,0.2337962962962963,0.2375,u4,81.1744492929193,semeval2012,relbert_output/ckpt/roberta_auto_c933/epoch_2,average_no_mask,
204,0.36,0.266,0.27454545454545454,google,81.1744492929193,semeval2012,relbert_output/ckpt/roberta_auto_c933/epoch_2,average_no_mask,
205,0.2814070351758794,0.26014452473596444,0.26226226226226224,bats,80.6123046875,semeval2012,relbert_output/ckpt/roberta_auto_d822/epoch_2,average_no_mask,
206,0.21621621621621623,0.17804154302670624,0.18181818181818182,sat,80.6123046875,semeval2012,relbert_output/ckpt/roberta_auto_d822/epoch_2,average_no_mask,
207,0.20833333333333334,0.25,0.24603174603174602,u2,80.6123046875,semeval2012,relbert_output/ckpt/roberta_auto_d822/epoch_2,average_no_mask,
208,0.25,0.27314814814814814,0.2708333333333333,u4,80.6123046875,semeval2012,relbert_output/ckpt/roberta_auto_d822/epoch_2,average_no_mask,
209,0.14,0.23,0.22181818181818183,google,80.6123046875,semeval2012,relbert_output/ckpt/roberta_auto_d822/epoch_2,average_no_mask,
210,0.2864321608040201,0.25403001667593106,0.25725725725725723,bats,78.89200331289557,semeval2012,relbert_output/ckpt/roberta_auto_d823/epoch_2,average_no_mask,
211,0.24324324324324326,0.2344213649851632,0.23529411764705882,sat,78.89200331289557,semeval2012,relbert_output/ckpt/roberta_auto_d823/epoch_2,average_no_mask,
212,0.2916666666666667,0.2324561403508772,0.23809523809523808,u2,78.89200331289557,semeval2012,relbert_output/ckpt/roberta_auto_d823/epoch_2,average_no_mask,
213,0.3541666666666667,0.27314814814814814,0.28125,u4,78.89200331289557,semeval2012,relbert_output/ckpt/roberta_auto_d823/epoch_2,average_no_mask,
214,0.2,0.278,0.27090909090909093,google,78.89200331289557,semeval2012,relbert_output/ckpt/roberta_auto_d823/epoch_2,average_no_mask,
215,0.7638190954773869,0.7515286270150083,0.7527527527527528,bats,2.2673532027232497,semeval2012,relbert_output/ckpt/roberta_auto_d832/epoch_2,average_no_mask,
216,0.4594594594594595,0.5637982195845698,0.553475935828877,sat,2.2673532027232497,semeval2012,relbert_output/ckpt/roberta_auto_d832/epoch_2,average_no_mask,
217,0.5833333333333334,0.5394736842105263,0.5436507936507936,u2,2.2673532027232497,semeval2012,relbert_output/ckpt/roberta_auto_d832/epoch_2,average_no_mask,
218,0.6041666666666666,0.5347222222222222,0.5416666666666666,u4,2.2673532027232497,semeval2012,relbert_output/ckpt/roberta_auto_d832/epoch_2,average_no_mask,
219,0.86,0.882,0.88,google,2.2673532027232497,semeval2012,relbert_output/ckpt/roberta_auto_d832/epoch_2,average_no_mask,
220,0.7236180904522613,0.7298499166203446,0.7292292292292293,bats,2.4113074194026898,semeval2012,relbert_output/ckpt/roberta_auto_d833/epoch_2,average_no_mask,
221,0.43243243243243246,0.47774480712166173,0.4732620320855615,sat,2.4113074194026898,semeval2012,relbert_output/ckpt/roberta_auto_d833/epoch_2,average_no_mask,
222,0.4583333333333333,0.4605263157894737,0.4603174603174603,u2,2.4113074194026898,semeval2012,relbert_output/ckpt/roberta_auto_d833/epoch_2,average_no_mask,
223,0.5208333333333334,0.48842592592592593,0.49166666666666664,u4,2.4113074194026898,semeval2012,relbert_output/ckpt/roberta_auto_d833/epoch_2,average_no_mask,
224,0.82,0.822,0.8218181818181818,google,2.4113074194026898,semeval2012,relbert_output/ckpt/roberta_auto_d833/epoch_2,average_no_mask,
225,0.2663316582914573,0.2723735408560311,0.27177177177177175,bats,78.72674174248418,semeval2012,relbert_output/ckpt/roberta_auto_d922/epoch_2,average_no_mask,
226,0.21621621621621623,0.19881305637982197,0.20053475935828877,sat,78.72674174248418,semeval2012,relbert_output/ckpt/roberta_auto_d922/epoch_2,average_no_mask,
227,0.16666666666666666,0.22807017543859648,0.2222222222222222,u2,78.72674174248418,semeval2012,relbert_output/ckpt/roberta_auto_d922/epoch_2,average_no_mask,
228,0.2708333333333333,0.25,0.2520833333333333,u4,78.72674174248418,semeval2012,relbert_output/ckpt/roberta_auto_d922/epoch_2,average_no_mask,
229,0.32,0.29,0.2927272727272727,google,78.72674174248418,semeval2012,relbert_output/ckpt/roberta_auto_d922/epoch_2,average_no_mask,
230,0.7638190954773869,0.7337409672040022,0.7367367367367368,bats,2.5429397776157043,semeval2012,relbert_output/ckpt/roberta_auto_d923/epoch_2,average_no_mask,
231,0.5135135135135135,0.5875370919881305,0.5802139037433155,sat,2.5429397776157043,semeval2012,relbert_output/ckpt/roberta_auto_d923/epoch_2,average_no_mask,
232,0.5416666666666666,0.6096491228070176,0.6031746031746031,u2,2.5429397776157043,semeval2012,relbert_output/ckpt/roberta_auto_d923/epoch_2,average_no_mask,
233,0.5208333333333334,0.6157407407407407,0.60625,u4,2.5429397776157043,semeval2012,relbert_output/ckpt/roberta_auto_d923/epoch_2,average_no_mask,
234,0.9,0.85,0.8545454545454545,google,2.5429397776157043,semeval2012,relbert_output/ckpt/roberta_auto_d923/epoch_2,average_no_mask,
235,0.2613065326633166,0.25403001667593106,0.25475475475475473,bats,79.3573847903481,semeval2012,relbert_output/ckpt/roberta_auto_d932/epoch_2,average_no_mask,
236,0.24324324324324326,0.21068249258160238,0.21390374331550802,sat,79.3573847903481,semeval2012,relbert_output/ckpt/roberta_auto_d932/epoch_2,average_no_mask,
237,0.20833333333333334,0.27631578947368424,0.2698412698412698,u2,79.3573847903481,semeval2012,relbert_output/ckpt/roberta_auto_d932/epoch_2,average_no_mask,
238,0.22916666666666666,0.26157407407407407,0.25833333333333336,u4,79.3573847903481,semeval2012,relbert_output/ckpt/roberta_auto_d932/epoch_2,average_no_mask,
239,0.26,0.228,0.2309090909090909,google,79.3573847903481,semeval2012,relbert_output/ckpt/roberta_auto_d932/epoch_2,average_no_mask,
240,0.7587939698492462,0.7348526959421902,0.7372372372372372,bats,1.7974869933309434,semeval2012,relbert_output/ckpt/roberta_auto_d933/epoch_2,average_no_mask,
241,0.5135135135135135,0.543026706231454,0.5401069518716578,sat,1.7974869933309434,semeval2012,relbert_output/ckpt/roberta_auto_d933/epoch_2,average_no_mask,
242,0.5416666666666666,0.543859649122807,0.5436507936507936,u2,1.7974869933309434,semeval2012,relbert_output/ckpt/roberta_auto_d933/epoch_2,average_no_mask,
243,0.4166666666666667,0.5694444444444444,0.5541666666666667,u4,1.7974869933309434,semeval2012,relbert_output/ckpt/roberta_auto_d933/epoch_2,average_no_mask,
244,0.84,0.852,0.850909090909091,google,1.7974869933309434,semeval2012,relbert_output/ckpt/roberta_auto_d933/epoch_2,average_no_mask,
245,0.24120603015075376,0.26903835464146747,0.26626626626626626,bats,163.86061115506328,semeval2012,relbert_output/ckpt/roberta_custom_a/epoch_2,average_no_mask,
246,0.1891891891891892,0.21068249258160238,0.20855614973262032,sat,163.86061115506328,semeval2012,relbert_output/ckpt/roberta_custom_a/epoch_2,average_no_mask,
247,0.25,0.22807017543859648,0.23015873015873015,u2,163.86061115506328,semeval2012,relbert_output/ckpt/roberta_custom_a/epoch_2,average_no_mask,
248,0.25,0.22916666666666666,0.23125,u4,163.86061115506328,semeval2012,relbert_output/ckpt/roberta_custom_a/epoch_2,average_no_mask,
249,0.22,0.266,0.26181818181818184,google,163.86061115506328,semeval2012,relbert_output/ckpt/roberta_custom_a/epoch_2,average_no_mask,
250,0.7085427135678392,0.745414118954975,0.7417417417417418,bats,6.733392643023141,semeval2012,relbert_output/ckpt/roberta_custom_b/epoch_2,average_no_mask,
251,0.40540540540540543,0.4688427299703264,0.4625668449197861,sat,6.733392643023141,semeval2012,relbert_output/ckpt/roberta_custom_b/epoch_2,average_no_mask,
252,0.5833333333333334,0.5570175438596491,0.5595238095238095,u2,6.733392643023141,semeval2012,relbert_output/ckpt/roberta_custom_b/epoch_2,average_no_mask,
253,0.5416666666666666,0.5208333333333334,0.5229166666666667,u4,6.733392643023141,semeval2012,relbert_output/ckpt/roberta_custom_b/epoch_2,average_no_mask,
254,0.84,0.828,0.8290909090909091,google,6.733392643023141,semeval2012,relbert_output/ckpt/roberta_custom_b/epoch_2,average_no_mask,
255,0.33668341708542715,0.2623679822123402,0.2697697697697698,bats,81.19005884098101,semeval2012,relbert_output/ckpt/roberta_custom_c/epoch_2,average_no_mask,
256,0.08108108108108109,0.228486646884273,0.21390374331550802,sat,81.19005884098101,semeval2012,relbert_output/ckpt/roberta_custom_c/epoch_2,average_no_mask,
257,0.08333333333333333,0.27631578947368424,0.25793650793650796,u2,81.19005884098101,semeval2012,relbert_output/ckpt/roberta_custom_c/epoch_2,average_no_mask,
258,0.22916666666666666,0.2222222222222222,0.22291666666666668,u4,81.19005884098101,semeval2012,relbert_output/ckpt/roberta_custom_c/epoch_2,average_no_mask,
259,0.22,0.28,0.27454545454545454,google,81.19005884098101,semeval2012,relbert_output/ckpt/roberta_custom_c/epoch_2,average_no_mask,
260,0.7286432160804021,0.7559755419677598,0.7532532532532532,bats,3.0848031345802016,semeval2012,relbert_output/ckpt/roberta_custom_d/epoch_2,average_no_mask,
261,0.4864864864864865,0.5964391691394659,0.5855614973262033,sat,3.0848031345802016,semeval2012,relbert_output/ckpt/roberta_custom_d/epoch_2,average_no_mask,
262,0.5,0.5175438596491229,0.5158730158730159,u2,3.0848031345802016,semeval2012,relbert_output/ckpt/roberta_custom_d/epoch_2,average_no_mask,
263,0.5416666666666666,0.5486111111111112,0.5479166666666667,u4,3.0848031345802016,semeval2012,relbert_output/ckpt/roberta_custom_d/epoch_2,average_no_mask,
264,0.9,0.882,0.8836363636363637,google,3.0848031345802016,semeval2012,relbert_output/ckpt/roberta_custom_d/epoch_2,average_no_mask,
265,0.2814070351758794,0.27626459143968873,0.27677677677677676,bats,78.95506885383702,semeval2012,relbert_output/ckpt/roberta_custom_e/epoch_2,average_no_mask,
266,0.08108108108108109,0.2403560830860534,0.22459893048128343,sat,78.95506885383702,semeval2012,relbert_output/ckpt/roberta_custom_e/epoch_2,average_no_mask,
267,0.2916666666666667,0.29385964912280704,0.29365079365079366,u2,78.95506885383702,semeval2012,relbert_output/ckpt/roberta_custom_e/epoch_2,average_no_mask,
268,0.25,0.2569444444444444,0.25625,u4,78.95506885383702,semeval2012,relbert_output/ckpt/roberta_custom_e/epoch_2,average_no_mask,
269,0.24,0.322,0.3145454545454546,google,78.95506885383702,semeval2012,relbert_output/ckpt/roberta_custom_e/epoch_2,average_no_mask,
