prompt,method,data,seed,level,loss_function,epoch,loss,sat/test,u2/test,u4/test,google/test,bats/test,sat_full,lexical_relation_classification/BLESS,lexical_relation_classification/CogALexV,lexical_relation_classification/EVALution,lexical_relation_classification/K&H+N,lexical_relation_classification/ROOT09,relation_mapping_accuracy
a,average,semeval2012-v6,0,,nce,8,12.844083739133472,0.4688427299703264,0.47368421052631576,0.4675925925925926,0.872,0.69816564758199,0.4679144385026738,0.9126111194816935,0.8248826291079813,0.6505958829902492,0.9501982332892815,0.8827953619554998,0.8936507936507937
a,average,semeval2012-v6,0,-child,nce,8,7.990737036813663,0.4688427299703264,0.47368421052631576,0.4675925925925926,0.872,0.69816564758199,0.4679144385026738,0.9049269248154287,0.8248826291079813,0.6592632719393283,0.9601446755234054,0.8787214039486054,0.8936507936507937
a,average,semeval2012-v6,0,-child-prototypical,nce,6,5.341869217094058,0.456973293768546,0.4692982456140351,0.4976851851851852,0.862,0.7176209005002779,0.46524064171123,0.9046255838481242,0.8234741784037559,0.647887323943662,0.9543020101551088,0.8755875900971483,0.8746031746031746
a,average,semeval2012-v6,0,-parent,nce,10,1303.5589965820313,0.41839762611275966,0.40789473684210525,0.4444444444444444,0.59,0.44858254585881047,0.4117647058823529,0.8880518306463764,0.7953051643192488,0.605092091007584,0.9556235654169855,0.8868693199623943,0.7426587301587302
a,average,semeval2012-v6,1,,nce,5,12.91860823326536,0.49554896142433236,0.3991228070175439,0.4675925925925926,0.794,0.6203446359088383,0.4919786096256685,0.9013108332077746,0.821361502347418,0.6419284940411701,0.9540933435348126,0.8596051394547164,0.8468253968253968
a,average,semeval2012-v6,1,-child,nce,5,8.28706635100932,0.49554896142433236,0.3991228070175439,0.4675925925925926,0.794,0.6203446359088383,0.4919786096256685,0.8946813319270754,0.8211267605633803,0.6338028169014085,0.9571537872991583,0.878094641178314,0.8468253968253968
a,average,semeval2012-v6,1,-child-prototypical,nce,5,5.870062583243995,0.49554896142433236,0.3991228070175439,0.4675925925925926,0.794,0.6203446359088383,0.4919786096256685,0.8946813319270754,0.8211267605633803,0.6338028169014085,0.9571537872991583,0.878094641178314,0.8468253968253968
a,average,semeval2012-v6,1,-parent,nce,5,1292.7515655517577,0.49554896142433236,0.3991228070175439,0.4675925925925926,0.794,0.6203446359088383,0.4919786096256685,0.8946813319270754,0.8211267605633803,0.6338028169014085,0.9571537872991583,0.878094641178314,0.8468253968253968
a,average,semeval2012-v6,2,,nce,5,13.809768995190245,0.42729970326409494,0.3684210526315789,0.4375,0.63,0.44580322401334077,0.4304812834224599,0.8832303751695043,0.8166666666666667,0.6240520043336945,0.9563886763580719,0.8602319022250078,0.8508333333333333
a,average,semeval2012-v6,2,-child,nce,5,10.160268683976765,0.42729970326409494,0.3684210526315789,0.4375,0.63,0.44580322401334077,0.4304812834224599,0.8945306614434232,0.8164319248826291,0.6229685807150596,0.9565973429783682,0.8730805390159825,0.8508333333333333
a,average,semeval2012-v6,2,-child-prototypical,nce,5,6.606465981110036,0.42729970326409494,0.3684210526315789,0.4375,0.63,0.44580322401334077,0.4304812834224599,0.8945306614434232,0.8164319248826291,0.6229685807150596,0.9565973429783682,0.8730805390159825,0.8508333333333333
a,average,semeval2012-v6,2,-parent,nce,6,1330.264825439453,0.44510385756676557,0.35526315789473684,0.42824074074074076,0.558,0.39188438021122846,0.44385026737967914,0.8865451258098539,0.7859154929577464,0.6072589382448538,0.9386520136328859,0.862425571921028,0.7436309523809523
b,average,semeval2012-v6,0,,nce,8,13.310137691434566,0.4599406528189911,0.4166666666666667,0.4375,0.84,0.7326292384658143,0.4572192513368984,0.9058309477173422,0.826056338028169,0.6457204767063922,0.9559017875773805,0.8862425571921027,0.7995436507936508
b,average,semeval2012-v6,0,-child,nce,8,8.501803084264827,0.4599406528189911,0.4166666666666667,0.4375,0.84,0.7326292384658143,0.4572192513368984,0.9056802772336899,0.8262910798122065,0.6240520043336945,0.9549280100159978,0.8849890316515199,0.7995436507936508
b,average,semeval2012-v6,0,-child-prototypical,nce,8,5.840255540853728,0.4599406528189911,0.4166666666666667,0.4375,0.84,0.7326292384658143,0.4572192513368984,0.9056802772336899,0.8262910798122065,0.6240520043336945,0.9549280100159978,0.8849890316515199,0.7995436507936508
b,average,semeval2012-v6,0,-parent,nce,10,1294.56572265625,0.44510385756676557,0.39473684210526316,0.4305555555555556,0.654,0.5969983324068927,0.4358288770053476,0.891366581286726,0.8126760563380282,0.6045503791982665,0.9534673436739236,0.8774678784080225,0.7737698412698413
b,average,semeval2012-v6,1,,nce,9,13.306663552959266,0.4599406528189911,0.4298245614035088,0.4375,0.748,0.5369649805447471,0.4572192513368984,0.8945306614434232,0.7887323943661971,0.6132177681473456,0.9580580093204424,0.8733939204011282,0.8926984126984127
b,average,semeval2012-v6,1,-child,nce,5,9.450923943821389,0.4391691394658754,0.39035087719298245,0.42824074074074076,0.742,0.5536409116175653,0.4385026737967914,0.9004068103058611,0.8063380281690141,0.6235102925243771,0.9549280100159978,0.8705734879348167,0.8141269841269841
b,average,semeval2012-v6,1,-child-prototypical,nce,9,5.878642111742206,0.4599406528189911,0.4298245614035088,0.4375,0.748,0.5369649805447471,0.4572192513368984,0.897393400632816,0.7889671361502347,0.6094257854821236,0.9575015649996522,0.8859291758069571,0.8926984126984127
b,average,semeval2012-v6,1,-parent,nce,5,1332.8330200195312,0.4391691394658754,0.39035087719298245,0.42824074074074076,0.742,0.5536409116175653,0.4385026737967914,0.9004068103058611,0.8063380281690141,0.6235102925243771,0.9549280100159978,0.8705734879348167,0.8141269841269841
b,average,semeval2012-v6,2,,nce,6,13.764764847254915,0.4065281899109792,0.42543859649122806,0.4351851851851852,0.618,0.44580322401334077,0.4117647058823529,0.889709205966551,0.7983568075117371,0.6034669555796316,0.9533977881338248,0.8718270134753996,0.682936507936508
b,average,semeval2012-v6,2,-child,nce,9,10.85580743717242,0.40059347181008903,0.44298245614035087,0.4675925925925926,0.544,0.48526959421901056,0.39037433155080214,0.8857917733915925,0.7866197183098591,0.5866738894907909,0.9581971204006399,0.8574114697586963,0.7526984126984126
b,average,semeval2012-v6,2,-child-prototypical,nce,9,6.300983882993371,0.40059347181008903,0.44298245614035087,0.4675925925925926,0.544,0.48526959421901056,0.39037433155080214,0.8857917733915925,0.7866197183098591,0.5866738894907909,0.9581971204006399,0.8574114697586963,0.7526984126984126
b,average,semeval2012-v6,2,-parent,nce,10,1274.6067504882812,0.41839762611275966,0.41228070175438597,0.46064814814814814,0.602,0.4886047804335742,0.4197860962566845,0.896188036763598,0.8000000000000002,0.5796316359696642,0.9596577867427141,0.8696333437793794,0.7393650793650793
c,average,semeval2012-v6,0,,nce,6,13.398287741564063,0.3916913946587537,0.42105263157894735,0.4583333333333333,0.784,0.6859366314619233,0.4037433155080214,0.9010094922404701,0.8227699530516432,0.6164680390032503,0.9572928983793559,0.8743340645565655,0.796984126984127
c,average,semeval2012-v6,0,-child,nce,8,8.532260052765473,0.4421364985163205,0.4342105263157895,0.4675925925925926,0.81,0.6409116175653141,0.44385026737967914,0.8871478077444629,0.8124413145539906,0.6153846153846154,0.9433122348195033,0.8733939204011282,0.7521626984126984
c,average,semeval2012-v6,0,-child-prototypical,nce,6,6.150797666903237,0.3916913946587537,0.42105263157894735,0.4583333333333333,0.784,0.6859366314619233,0.4037433155080214,0.8922706041886395,0.8225352112676056,0.6262188515709642,0.9565277874382695,0.8774678784080225,0.796984126984127
c,average,semeval2012-v6,0,-parent,nce,10,1329.2165161132812,0.4688427299703264,0.4298245614035088,0.46064814814814814,0.73,0.5997776542523624,0.4625668449197861,0.8851890914569834,0.8143192488262911,0.6273022751895991,0.9387215691729847,0.8746474459417111,0.7133333333333334
c,average,semeval2012-v6,1,,nce,9,13.372518951800688,0.4599406528189911,0.4517543859649123,0.42824074074074076,0.708,0.481378543635353,0.4625668449197861,0.896790718698207,0.7983568075117371,0.6072589382448538,0.9596577867427141,0.8708868693199624,0.7905555555555556
c,average,semeval2012-v6,1,-child,nce,5,9.140040714529496,0.4362017804154303,0.41228070175438597,0.4074074074074074,0.802,0.5786548082267927,0.4385026737967914,0.9026668675606448,0.8044600938967136,0.6343445287107259,0.9589622313417264,0.8824819805703541,0.8001190476190476
c,average,semeval2012-v6,1,-child-prototypical,nce,5,5.930203247698056,0.4362017804154303,0.41228070175438597,0.4074074074074074,0.802,0.5786548082267927,0.4385026737967914,0.9026668675606448,0.8044600938967136,0.6343445287107259,0.9589622313417264,0.8824819805703541,0.8001190476190476
c,average,semeval2012-v6,1,-parent,nce,8,1331.933123779297,0.4540059347181009,0.42543859649122806,0.4097222222222222,0.622,0.40633685380767093,0.44919786096256686,0.8891065240319421,0.7943661971830986,0.5937161430119177,0.9612575641649858,0.8586649952992792,0.7165873015873016
c,average,semeval2012-v6,2,,nce,6,13.856201754870318,0.486646884272997,0.4342105263157895,0.4398148148148148,0.656,0.5380767092829349,0.47058823529411764,0.8963387072472503,0.8199530516431925,0.6078006500541712,0.9474855672254295,0.8787214039486054,0.7630555555555556
c,average,semeval2012-v6,2,-child,nce,6,9.784972728053226,0.486646884272997,0.4342105263157895,0.4398148148148148,0.656,0.5380767092829349,0.47058823529411764,0.8958866957962935,0.8215962441314554,0.6067172264355363,0.9526326771927384,0.8827953619554998,0.7630555555555556
c,average,semeval2012-v6,2,-child-prototypical,nce,9,6.863959149500124,0.3560830860534125,0.36403508771929827,0.36574074074074076,0.358,0.3362979433018344,0.35294117647058826,0.8808196474310682,0.7671361502347418,0.5557963163596966,0.9399735688947625,0.8414290191162644,0.6064484126984127
c,average,semeval2012-v6,2,-parent,nce,6,1344.206475830078,0.486646884272997,0.4342105263157895,0.4398148148148148,0.656,0.5380767092829349,0.47058823529411764,0.8958866957962935,0.8215962441314554,0.6067172264355363,0.9526326771927384,0.8827953619554998,0.7630555555555556
d,average,semeval2012-v6,0,,nce,8,13.538610988458446,0.41543026706231456,0.40350877192982454,0.4652777777777778,0.822,0.6837131739855475,0.42245989304812837,0.9071869820702124,0.8255868544600939,0.6289274106175514,0.9555540098768867,0.8790347853337511,0.8158134920634921
d,average,semeval2012-v6,0,-child,nce,8,8.90726674357547,0.41543026706231456,0.40350877192982454,0.4652777777777778,0.822,0.6837131739855475,0.42245989304812837,0.8891065240319421,0.8258215962441313,0.6224268689057422,0.9524935661125409,0.8856157944218114,0.8158134920634921
d,average,semeval2012-v6,0,-child-prototypical,nce,6,5.992405141048041,0.39762611275964393,0.39035087719298245,0.4305555555555556,0.734,0.6347971095052807,0.39037433155080214,0.8924212746722917,0.7990610328638498,0.5958829902491874,0.9576406760798497,0.8636790974616106,0.7365079365079366
d,average,semeval2012-v6,0,-parent,nce,10,1314.7322387695312,0.3887240356083086,0.3508771929824561,0.3958333333333333,0.736,0.5742078932740411,0.3877005347593583,0.8859424438752448,0.8183098591549296,0.6045503791982665,0.9469986784447382,0.8727671576308367,0.7662896825396825
d,average,semeval2012-v6,1,,nce,5,13.399323293140355,0.4896142433234421,0.4868421052631579,0.5046296296296297,0.862,0.6375764313507504,0.4839572192513369,0.8862437848425494,0.8199530516431925,0.6153846153846154,0.9533977881338248,0.8752742087120025,0.743095238095238
d,average,semeval2012-v6,1,-child,nce,5,9.390188491797145,0.4896142433234421,0.4868421052631579,0.5046296296296297,0.862,0.6375764313507504,0.4839572192513369,0.8952840138616845,0.819718309859155,0.6159263271939328,0.9501982332892815,0.8755875900971483,0.743095238095238
d,average,semeval2012-v6,1,-child-prototypical,nce,5,6.299210836128091,0.4896142433234421,0.4868421052631579,0.5046296296296297,0.862,0.6375764313507504,0.4839572192513369,0.8952840138616845,0.819718309859155,0.6159263271939328,0.9501982332892815,0.8755875900971483,0.743095238095238
d,average,semeval2012-v6,1,-parent,nce,5,1331.4622009277343,0.4896142433234421,0.4868421052631579,0.5046296296296297,0.862,0.6375764313507504,0.4839572192513369,0.8952840138616845,0.819718309859155,0.6159263271939328,0.9501982332892815,0.8755875900971483,0.743095238095238
d,average,semeval2012-v6,2,,nce,9,13.766468147627387,0.44510385756676557,0.41228070175438597,0.4305555555555556,0.764,0.6453585325180656,0.4358288770053476,0.891969263221335,0.7784037558685445,0.6121343445287107,0.9549280100159978,0.8567847069884049,0.763452380952381
d,average,semeval2012-v6,2,-child,nce,3,10.535733295392387,0.41839762611275966,0.39035087719298245,0.42592592592592593,0.61,0.4252362423568649,0.4090909090909091,0.8918185927376827,0.7938967136150236,0.600216684723727,0.9533282325937261,0.8671262926982137,0.7805555555555556
d,average,semeval2012-v6,2,-child-prototypical,nce,9,6.432971962119452,0.44510385756676557,0.41228070175438597,0.4305555555555556,0.764,0.6453585325180656,0.4358288770053476,0.893174627090553,0.7779342723004695,0.6013001083423619,0.9545802323155039,0.8608586649952994,0.763452380952381
d,average,semeval2012-v6,2,-parent,nce,10,1348.4100952148438,0.3827893175074184,0.39473684210526316,0.4513888888888889,0.682,0.471372984991662,0.39037433155080214,0.8625885189091457,0.7875586854460094,0.5991332611050921,0.9440077902204911,0.8539642745220932,0.7425793650793651
e,average,semeval2012-v6,0,,nce,10,13.351026395373635,0.4629080118694362,0.41228070175438597,0.4699074074074074,0.744,0.565869927737632,0.45989304812834225,0.9020641856260359,0.8112676056338028,0.6240520043336945,0.9565973429783682,0.883735506110937,0.7812301587301588
e,average,semeval2012-v6,0,-child,nce,8,8.584301480764076,0.42136498516320475,0.45614035087719296,0.5092592592592593,0.776,0.5225125069483046,0.42245989304812837,0.912912460448998,0.7812206572769953,0.6273022751895991,0.9551366766362941,0.8658727671576308,0.8476190476190476
e,average,semeval2012-v6,0,-child-prototypical,nce,3,6.074182850136618,0.3887240356083086,0.38596491228070173,0.39814814814814814,0.622,0.6158977209560867,0.3877005347593583,0.8958866957962935,0.7953051643192488,0.5839653304442037,0.9565277874382695,0.8718270134753996,0.7553174603174603
e,average,semeval2012-v6,0,-parent,nce,10,1284.6900512695313,0.4629080118694362,0.41228070175438597,0.4699074074074074,0.744,0.565869927737632,0.45989304812834225,0.8999547988549043,0.8105633802816902,0.6164680390032503,0.9581971204006399,0.8834221247257913,0.7812301587301588
e,average,semeval2012-v6,1,,nce,9,13.14048079157387,0.456973293768546,0.4780701754385965,0.5023148148148148,0.756,0.5591995553085047,0.45454545454545453,0.9014615036914269,0.8147887323943661,0.6224268689057422,0.957571120539751,0.8812284550297712,0.7409920634920635
e,average,semeval2012-v6,1,-child,nce,9,8.889862090726442,0.456973293768546,0.4780701754385965,0.5023148148148148,0.756,0.5591995553085047,0.45454545454545453,0.9026668675606448,0.8164319248826291,0.624593716143012,0.9597273422828129,0.8812284550297712,0.7409920634920635
e,average,semeval2012-v6,1,-child-prototypical,nce,9,6.0956643444712295,0.456973293768546,0.4780701754385965,0.5023148148148148,0.756,0.5591995553085047,0.45454545454545453,0.9026668675606448,0.8164319248826291,0.624593716143012,0.9597273422828129,0.8812284550297712,0.7409920634920635
e,average,semeval2012-v6,1,-parent,nce,8,1305.5243103027344,0.4332344213649852,0.47368421052631576,0.4837962962962963,0.718,0.537520844913841,0.42780748663101603,0.8892571945155944,0.8201877934272301,0.6462621885157096,0.9528413438130348,0.8790347853337511,0.7212301587301587
e,average,semeval2012-v6,2,,nce,5,13.982612492445158,0.37388724035608306,0.33771929824561403,0.34953703703703703,0.558,0.4802668148971651,0.3770053475935829,0.893174627090553,0.7863849765258216,0.5704225352112676,0.9581275648605412,0.8523973675963648,0.6670436507936508
e,average,semeval2012-v6,2,-child,nce,5,11.199666515181336,0.37388724035608306,0.33771929824561403,0.34953703703703703,0.558,0.4802668148971651,0.3770053475935829,0.8898598764502034,0.7859154929577464,0.566088840736728,0.9492940112679975,0.8480100282043247,0.6670436507936508
e,average,semeval2012-v6,2,-child-prototypical,nce,9,6.040040096807041,0.29080118694362017,0.40350877192982454,0.40046296296296297,0.626,0.5525291828793775,0.2967914438502674,0.9013108332077746,0.7812206572769953,0.59534127843987,0.9534673436739236,0.8420557818865559,0.6083928571428572
e,average,semeval2012-v6,2,-parent,nce,5,1346.665460205078,0.37388724035608306,0.33771929824561403,0.34953703703703703,0.558,0.4802668148971651,0.3770053475935829,0.8898598764502034,0.7859154929577464,0.566088840736728,0.9492940112679975,0.8480100282043247,0.6670436507936508
a,mask,semeval2012-v6,0,,nce,8,12.273005382954636,0.5667655786350149,0.543859649122807,0.5532407407407407,0.888,0.7092829349638688,0.5561497326203209,0.9186379388277837,0.846244131455399,0.6663055254604551,0.9513806774709606,0.8987778125979317,0.746468253968254
a,mask,semeval2012-v6,0,-child,nce,8,6.925594868539255,0.5667655786350149,0.543859649122807,0.5532407407407407,0.888,0.7092829349638688,0.5561497326203209,0.9148711767364774,0.8460093896713615,0.6695557963163596,0.9547888989358002,0.900658100908806,0.746468253968254
a,mask,semeval2012-v6,0,-child-prototypical,nce,6,5.822877161395175,0.5548961424332344,0.5526315789473685,0.5162037037037037,0.902,0.7215119510839355,0.5588235294117647,0.912912460448998,0.8413145539906103,0.6635969664138678,0.953954232454615,0.8962707615167659,0.7863888888888889
a,mask,semeval2012-v6,0,-parent,nce,10,1210.152655029297,0.5400593471810089,0.5307017543859649,0.5162037037037037,0.886,0.6742634797109506,0.5240641711229946,0.9085430164230828,0.8453051643192488,0.6581798483206934,0.9435209014397997,0.9000313381385145,0.7726587301587301
a,mask,semeval2012-v6,1,,nce,5,12.334542345549936,0.5637982195845698,0.5,0.5185185185185185,0.862,0.7087270705947749,0.5668449197860963,0.9127617899653457,0.8485915492957746,0.6592632719393283,0.9528413438130348,0.9009714822939517,0.7961111111111111
a,mask,semeval2012-v6,1,-child,nce,5,7.711722186849087,0.5637982195845698,0.5,0.5185185185185185,0.862,0.7087270705947749,0.5668449197860963,0.9094470393249963,0.8481220657276995,0.6663055254604551,0.9549975655560965,0.8994045753682232,0.7961111111111111
a,mask,semeval2012-v6,1,-child-prototypical,nce,5,6.020964746001003,0.5637982195845698,0.5,0.5185185185185185,0.862,0.7087270705947749,0.5668449197860963,0.9094470393249963,0.8481220657276995,0.6663055254604551,0.9549975655560965,0.8994045753682232,0.7961111111111111
a,mask,semeval2012-v6,1,-parent,nce,9,1248.2747985839844,0.5489614243323442,0.5219298245614035,0.5787037037037037,0.81,0.6453585325180656,0.5508021390374331,0.9124604489980412,0.8434272300469483,0.6668472372697725,0.9492940112679975,0.8959573801316203,0.8021230158730158
a,mask,semeval2012-v6,2,,nce,9,12.747923994037421,0.5192878338278932,0.4956140350877193,0.4675925925925926,0.836,0.6336853807670928,0.5106951871657754,0.9102003917432575,0.8446009389671362,0.6646803900325027,0.9483897892467135,0.8799749294891883,0.7766666666666666
a,mask,semeval2012-v6,2,-child,nce,9,8.255032729498948,0.5192878338278932,0.4956140350877193,0.4675925925925926,0.836,0.6336853807670928,0.5106951871657754,0.9070363115865602,0.8448356807511737,0.6630552546045504,0.9517980107115531,0.8799749294891883,0.7766666666666666
a,mask,semeval2012-v6,2,-child-prototypical,nce,9,5.673168025474799,0.5192878338278932,0.4956140350877193,0.4675925925925926,0.836,0.6336853807670928,0.5106951871657754,0.9070363115865602,0.8448356807511737,0.6630552546045504,0.9517980107115531,0.8799749294891883,0.7766666666666666
a,mask,semeval2012-v6,2,-parent,nce,10,1205.980661010742,0.5400593471810089,0.47368421052631576,0.5231481481481481,0.846,0.6442468037798778,0.5374331550802139,0.9016121741750791,0.8497652582159625,0.6608884073672806,0.9590317868818251,0.8909432779692886,0.8413095238095238
b,mask,semeval2012-v6,0,,nce,8,12.953554680566755,0.4688427299703264,0.39473684210526316,0.48842592592592593,0.85,0.7204002223457476,0.4679144385026738,0.9174325749585657,0.8429577464788731,0.6435536294691224,0.9610488975446895,0.8943904732058916,0.8518253968253968
b,mask,semeval2012-v6,0,-child,nce,8,7.713004691691339,0.4688427299703264,0.39473684210526316,0.48842592592592593,0.85,0.7204002223457476,0.4679144385026738,0.9138164833509116,0.8429577464788731,0.6500541711809318,0.9563886763580719,0.8921968035098715,0.8518253968253968
b,mask,semeval2012-v6,0,-child-prototypical,nce,8,6.010371333456295,0.4688427299703264,0.39473684210526316,0.48842592592592593,0.85,0.7204002223457476,0.4679144385026738,0.9138164833509116,0.8429577464788731,0.6500541711809318,0.9563886763580719,0.8921968035098715,0.8518253968253968
b,mask,semeval2012-v6,0,-parent,nce,10,1275.5391784667968,0.49851632047477745,0.41228070175438597,0.4583333333333333,0.68,0.5814341300722624,0.4893048128342246,0.9109537441615188,0.8342723004694835,0.6587215601300108,0.9584057870209363,0.8806016922594797,0.8266269841269841
b,mask,semeval2012-v6,1,,nce,5,13.213833135504352,0.4540059347181009,0.40789473684210525,0.47685185185185186,0.718,0.5469705391884381,0.46524064171123,0.9189392797950882,0.8328638497652581,0.6511375947995667,0.9667524518327885,0.8890629896584142,0.8494444444444444
b,mask,semeval2012-v6,1,-child,nce,5,8.69303833532937,0.4540059347181009,0.40789473684210525,0.47685185185185186,0.718,0.5469705391884381,0.46524064171123,0.9218020189844809,0.8326291079812207,0.6511375947995667,0.9626486749669612,0.8903165151989971,0.8494444444444444
b,mask,semeval2012-v6,1,-child-prototypical,nce,5,6.289604542868802,0.4540059347181009,0.40789473684210525,0.47685185185185186,0.718,0.5469705391884381,0.46524064171123,0.9218020189844809,0.8326291079812207,0.6511375947995667,0.9626486749669612,0.8903165151989971,0.8494444444444444
b,mask,semeval2012-v6,1,-parent,nce,7,1326.3321838378906,0.37388724035608306,0.36403508771929827,0.40046296296296297,0.586,0.49861033907726515,0.3663101604278075,0.9010094922404701,0.8164319248826291,0.6240520043336945,0.9529108993531334,0.8749608273268568,0.7810317460317461
b,mask,semeval2012-v6,2,,nce,9,13.37076255893566,0.42136498516320475,0.40789473684210525,0.44212962962962965,0.666,0.4535853251806559,0.4197860962566845,0.9100497212596053,0.8133802816901409,0.6375947995666306,0.9636920080684427,0.8737073017862739,0.8554365079365079
b,mask,semeval2012-v6,2,-child,nce,6,9.062338998046103,0.4599406528189911,0.40350877192982454,0.4375,0.748,0.6303501945525292,0.4572192513368984,0.9174325749585657,0.8279342723004695,0.661430119176598,0.9629964526674549,0.8918834221247258,0.7919444444444445
b,mask,semeval2012-v6,2,-child-prototypical,nce,9,6.049974952342428,0.42136498516320475,0.40789473684210525,0.44212962962962965,0.666,0.4535853251806559,0.4197860962566845,0.9202953141479584,0.8126760563380282,0.6365113759479957,0.964804896710023,0.8636790974616106,0.8554365079365079
b,mask,semeval2012-v6,2,-parent,nce,5,1323.4468353271484,0.4421364985163205,0.4342105263157895,0.4537037037037037,0.778,0.5364091161756531,0.4385026737967914,0.9127617899653457,0.8131455399061033,0.647887323943662,0.9609097864644919,0.8827953619554998,0.8476984126984127
c,mask,semeval2012-v6,0,,nce,8,13.384880541342376,0.47774480712166173,0.41228070175438597,0.47453703703703703,0.766,0.7026125625347415,0.47593582887700536,0.9058309477173422,0.8356807511737089,0.6511375947995667,0.9517980107115531,0.8909432779692886,0.7946825396825397
c,mask,semeval2012-v6,0,-child,nce,8,10.083869795256023,0.47774480712166173,0.41228070175438597,0.47453703703703703,0.766,0.7026125625347415,0.47593582887700536,0.9061322886846467,0.8345070422535211,0.6570964247020585,0.9510328997704667,0.8953306173613286,0.7946825396825397
c,mask,semeval2012-v6,0,-child-prototypical,nce,8,6.190750793304319,0.47774480712166173,0.41228070175438597,0.47453703703703703,0.766,0.7026125625347415,0.47593582887700536,0.9061322886846467,0.8345070422535211,0.6570964247020585,0.9510328997704667,0.8953306173613286,0.7946825396825397
c,mask,semeval2012-v6,0,-parent,nce,10,1324.279736328125,0.42729970326409494,0.35964912280701755,0.42592592592592593,0.506,0.48082267926625905,0.4197860962566845,0.8940786499924664,0.8154929577464789,0.6348862405200434,0.9432426792794046,0.8896897524287057,0.8066269841269841
c,mask,semeval2012-v6,1,,nce,5,13.451359924694216,0.41839762611275966,0.3508771929824561,0.4074074074074074,0.72,0.519177320733741,0.4117647058823529,0.9056802772336899,0.839906103286385,0.6560130010834236,0.964804896710023,0.8884362268881228,0.919047619047619
c,mask,semeval2012-v6,1,-child,nce,5,9.379441864882843,0.41839762611275966,0.3508771929824561,0.4074074074074074,0.72,0.519177320733741,0.4117647058823529,0.9089950278740395,0.8406103286384976,0.6592632719393283,0.9628573415872574,0.8909432779692886,0.919047619047619
c,mask,semeval2012-v6,1,-child-prototypical,nce,5,6.392087928397416,0.41839762611275966,0.3508771929824561,0.4074074074074074,0.72,0.519177320733741,0.4117647058823529,0.9089950278740395,0.8406103286384976,0.6592632719393283,0.9628573415872574,0.8909432779692886,0.919047619047619
c,mask,semeval2012-v6,1,-parent,nce,5,1339.1415649414062,0.41839762611275966,0.3508771929824561,0.4074074074074074,0.72,0.519177320733741,0.4117647058823529,0.9089950278740395,0.8406103286384976,0.6592632719393283,0.9628573415872574,0.8909432779692886,0.919047619047619
c,mask,semeval2012-v6,2,,nce,9,14.203881651903114,0.3264094955489614,0.3991228070175439,0.3680555555555556,0.454,0.40355753196220123,0.3235294117647059,0.8927226156395962,0.7772300469483568,0.5910075839653305,0.9483897892467135,0.8614854277655907,0.5858333333333333
c,mask,semeval2012-v6,2,-child,nce,5,13.57873693297181,0.32344213649851633,0.3157894736842105,0.2986111111111111,0.328,0.3085047248471373,0.31016042780748665,0.9019135151423836,0.7758215962441315,0.5677139761646804,0.9569451206788621,0.8621121905358822,0.6354563492063492
c,mask,semeval2012-v6,2,-child-prototypical,nce,5,7.177278462790763,0.32344213649851633,0.3157894736842105,0.2986111111111111,0.328,0.3085047248471373,0.31016042780748665,0.9019135151423836,0.7758215962441315,0.5677139761646804,0.9569451206788621,0.8621121905358822,0.6354563492063492
c,mask,semeval2012-v6,2,-parent,nce,9,1406.2224853515625,0.3264094955489614,0.3991228070175439,0.3680555555555556,0.454,0.40355753196220123,0.3235294117647059,0.8874491487117674,0.7772300469483568,0.5975081256771397,0.9511024553105655,0.8570980883735506,0.5858333333333333
d,mask,semeval2012-v6,0,,nce,10,12.294336294885683,0.5014836795252225,0.5131578947368421,0.49074074074074076,0.884,0.6281267370761534,0.5026737967914439,0.9049269248154287,0.8354460093896713,0.680931744312026,0.9550671210961953,0.883735506110937,0.7388690476190476
d,mask,semeval2012-v6,0,-child,nce,8,6.925591809840142,0.5370919881305638,0.5570175438596491,0.5509259259259259,0.896,0.688715953307393,0.5374331550802139,0.9100497212596053,0.8443661971830986,0.6728060671722643,0.9536064547541212,0.89157004073958,0.7938293650793651
d,mask,semeval2012-v6,0,-child-prototypical,nce,8,5.869255501482541,0.5370919881305638,0.5570175438596491,0.5509259259259259,0.896,0.688715953307393,0.5374331550802139,0.9100497212596053,0.8443661971830986,0.6728060671722643,0.9536064547541212,0.89157004073958,0.7938293650793651
d,mask,semeval2012-v6,0,-parent,nce,10,1152.9977416992188,0.5014836795252225,0.5131578947368421,0.49074074074074076,0.884,0.6281267370761534,0.5026737967914439,0.9064336296519512,0.8354460093896713,0.6830985915492958,0.9523544550323433,0.8834221247257913,0.7388690476190476
d,mask,semeval2012-v6,1,,nce,9,12.947116948790327,0.5667655786350149,0.5219298245614035,0.5254629629629629,0.928,0.7048360200111173,0.56951871657754,0.9171312339912611,0.8591549295774648,0.6598049837486457,0.9591708979620227,0.8990911939830774,0.8196825396825397
d,mask,semeval2012-v6,1,-child,nce,5,8.002058255521558,0.5341246290801187,0.4824561403508772,0.49074074074074076,0.902,0.7137298499166204,0.5347593582887701,0.9157751996383908,0.8323943661971831,0.6755146262188516,0.963900674688739,0.88937637104356,0.8154365079365079
d,mask,semeval2012-v6,1,-child-prototypical,nce,9,5.952955893782619,0.5667655786350149,0.5219298245614035,0.5254629629629629,0.928,0.7048360200111173,0.56951871657754,0.9231580533373512,0.85962441314554,0.6630552546045504,0.9586144536412325,0.8906298965841429,0.8196825396825397
d,mask,semeval2012-v6,1,-parent,nce,5,1278.4879028320313,0.5341246290801187,0.4824561403508772,0.49074074074074076,0.902,0.7137298499166204,0.5347593582887701,0.9157751996383908,0.8323943661971831,0.6755146262188516,0.963900674688739,0.88937637104356,0.8154365079365079
d,mask,semeval2012-v6,2,,nce,9,12.521155868204938,0.5459940652818991,0.49122807017543857,0.5185185185185185,0.9,0.725958866036687,0.553475935828877,0.9088443573903873,0.8422535211267606,0.6641386782231853,0.9522153439521458,0.8947038545910373,0.7883531746031746
d,mask,semeval2012-v6,2,-child,nce,9,8.446978845173799,0.5459940652818991,0.49122807017543857,0.5185185185185185,0.9,0.725958866036687,0.553475935828877,0.9047762543317764,0.8410798122065728,0.652762730227519,0.9506155665298741,0.8896897524287057,0.7883531746031746
d,mask,semeval2012-v6,2,-child-prototypical,nce,9,6.094880281878382,0.5459940652818991,0.49122807017543857,0.5185185185185185,0.9,0.725958866036687,0.553475935828877,0.9047762543317764,0.8410798122065728,0.652762730227519,0.9506155665298741,0.8896897524287057,0.7883531746031746
d,mask,semeval2012-v6,2,-parent,nce,9,1196.1087707519532,0.5459940652818991,0.49122807017543857,0.5185185185185185,0.9,0.725958866036687,0.553475935828877,0.9047762543317764,0.8410798122065728,0.652762730227519,0.9506155665298741,0.8896897524287057,0.7883531746031746
e,mask,semeval2012-v6,0,,nce,10,12.93438307643273,0.49554896142433236,0.44298245614035087,0.4675925925925926,0.694,0.613118399110617,0.49732620320855614,0.9080910049721259,0.8291079812206574,0.6310942578548212,0.9536064547541212,0.8849890316515199,0.8203769841269841
e,mask,semeval2012-v6,0,-child,nce,8,8.432973283755627,0.4836795252225519,0.40789473684210525,0.4513888888888889,0.75,0.5780989438576987,0.48663101604278075,0.9141178243182161,0.8154929577464789,0.633261105092091,0.9700911177575294,0.8909432779692886,0.844484126984127
e,mask,semeval2012-v6,0,-child-prototypical,nce,6,6.133156589344719,0.4391691394658754,0.39035087719298245,0.4444444444444444,0.71,0.4952751528627015,0.44385026737967914,0.9159258701220431,0.8164319248826291,0.6321776814734561,0.9479029004660221,0.8755875900971483,0.7786111111111111
e,mask,semeval2012-v6,0,-parent,nce,10,1257.4661560058594,0.49554896142433236,0.44298245614035087,0.4675925925925926,0.694,0.613118399110617,0.49732620320855614,0.9142684948018682,0.82981220657277,0.6327193932827736,0.9618835640258747,0.8918834221247258,0.8203769841269841
e,mask,semeval2012-v6,1,,nce,5,13.224585847378314,0.4896142433234421,0.36403508771929827,0.43287037037037035,0.748,0.6264591439688716,0.4839572192513369,0.9186379388277837,0.8244131455399061,0.6511375947995667,0.9683522292550601,0.8824819805703541,0.808968253968254
e,mask,semeval2012-v6,1,-child,nce,5,8.877744729005837,0.4896142433234421,0.36403508771929827,0.43287037037037035,0.748,0.6264591439688716,0.4839572192513369,0.9242127467229169,0.8241784037558686,0.6505958829902492,0.9477637893858246,0.8796615481040425,0.808968253968254
e,mask,semeval2012-v6,1,-child-prototypical,nce,9,6.096363827814162,0.45103857566765576,0.4473684210526316,0.46296296296296297,0.698,0.5008337965536409,0.44919786096256686,0.9160765406056953,0.8211267605633803,0.6440953412784398,0.9642484523892328,0.8740206831714196,0.8338095238095238
e,mask,semeval2012-v6,1,-parent,nce,5,1324.7882080078125,0.4896142433234421,0.36403508771929827,0.43287037037037035,0.748,0.6264591439688716,0.4839572192513369,0.9242127467229169,0.8241784037558686,0.6505958829902492,0.9477637893858246,0.8796615481040425,0.808968253968254
e,mask,semeval2012-v6,2,,nce,9,12.85152164162147,0.47774480712166173,0.4605263157894737,0.48148148148148145,0.746,0.5630906058921623,0.47058823529411764,0.9136658128672593,0.8356807511737089,0.6598049837486457,0.9680740070946651,0.880288310874334,0.8311904761904761
e,mask,semeval2012-v6,2,-child,nce,9,9.514362594749354,0.47774480712166173,0.4605263157894737,0.48148148148148145,0.746,0.5630906058921623,0.47058823529411764,0.9193912912460449,0.8359154929577466,0.6587215601300108,0.9703693399179245,0.8846756502663742,0.8311904761904761
e,mask,semeval2012-v6,2,-child-prototypical,nce,9,6.000658988895086,0.47774480712166173,0.4605263157894737,0.48148148148148145,0.746,0.5630906058921623,0.47058823529411764,0.9193912912460449,0.8359154929577466,0.6587215601300108,0.9703693399179245,0.8846756502663742,0.8311904761904761
e,mask,semeval2012-v6,2,-parent,nce,9,1242.391131591797,0.47774480712166173,0.4605263157894737,0.48148148148148145,0.746,0.5630906058921623,0.47058823529411764,0.9193912912460449,0.8359154929577466,0.6587215601300108,0.9703693399179245,0.8846756502663742,0.8311904761904761
a,average,semeval2012-v6,0,,triplet,10,437.4562641189496,0.34421364985163205,0.33771929824561403,0.34953703703703703,0.476,0.45969983324068925,0.3422459893048128,0.849630857315052,0.8122065727699531,0.605092091007584,0.9129164637963414,0.8270134753995614,0.77375
a,average,semeval2012-v6,0,-child,triplet,10,355.03366503232644,0.34421364985163205,0.33771929824561403,0.34953703703703703,0.476,0.45969983324068925,0.3422459893048128,0.8005122796444176,0.7814553990610328,0.6359696641386782,0.8784864714474507,0.8392353494202445,0.77375
a,average,semeval2012-v6,0,-child-prototypical,triplet,9,65.81522419813697,0.3026706231454006,0.3333333333333333,0.3402777777777778,0.464,0.471372984991662,0.30213903743315507,0.843152026518005,0.7950704225352113,0.5882990249187432,0.9092300201711067,0.8495769351300533,0.7728968253968254
a,average,semeval2012-v6,0,-parent,triplet,10,59487.20888671875,0.34421364985163205,0.33771929824561403,0.34953703703703703,0.476,0.45969983324068925,0.3422459893048128,0.8005122796444176,0.7814553990610328,0.6359696641386782,0.8784864714474507,0.8392353494202445,0.77375
a,average,semeval2012-v6,1,,triplet,9,648.1372189430936,0.3768545994065282,0.37719298245614036,0.3541666666666667,0.428,0.34185658699277377,0.3716577540106952,0.899201446436643,0.7814553990610328,0.6408450704225352,0.9525631216526397,0.840802256345973,0.775079365079365
a,average,semeval2012-v6,1,-child,triplet,9,368.9011627375325,0.3768545994065282,0.37719298245614036,0.3541666666666667,0.428,0.34185658699277377,0.3716577540106952,0.8904625583848124,0.7814553990610328,0.6419284940411701,0.9577102316199485,0.8022563459730492,0.775079365079365
a,average,semeval2012-v6,1,-child-prototypical,triplet,9,66.36393315057352,0.3768545994065282,0.37719298245614036,0.3541666666666667,0.428,0.34185658699277377,0.3716577540106952,0.8904625583848124,0.7814553990610328,0.6419284940411701,0.9577102316199485,0.8022563459730492,0.775079365079365
a,average,semeval2012-v6,1,-parent,triplet,9,76085.7427734375,0.3768545994065282,0.37719298245614036,0.3541666666666667,0.428,0.34185658699277377,0.3716577540106952,0.8904625583848124,0.7814553990610328,0.6419284940411701,0.9577102316199485,0.8022563459730492,0.775079365079365
a,average,semeval2012-v6,2,,triplet,10,462.47072152574844,0.3798219584569733,0.40789473684210525,0.4097222222222222,0.59,0.47971095052807117,0.3770053475935829,0.8154286575259906,0.7894366197183098,0.5926327193932828,0.9367740140502191,0.8492635537449076,0.7209126984126984
a,average,semeval2012-v6,2,-child,triplet,10,296.09300501588024,0.3798219584569733,0.40789473684210525,0.4097222222222222,0.59,0.47971095052807117,0.3770053475935829,0.8556576766611421,0.7894366197183098,0.6224268689057422,0.9202893510468109,0.8492635537449076,0.7209126984126984
a,average,semeval2012-v6,2,-child-prototypical,triplet,10,49.870547566189366,0.3798219584569733,0.40789473684210525,0.4097222222222222,0.59,0.47971095052807117,0.3770053475935829,0.8556576766611421,0.7894366197183098,0.6224268689057422,0.9202893510468109,0.8492635537449076,0.7209126984126984
a,average,semeval2012-v6,2,-parent,triplet,10,55193.3697265625,0.3798219584569733,0.40789473684210525,0.4097222222222222,0.59,0.47971095052807117,0.3770053475935829,0.8556576766611421,0.7894366197183098,0.6224268689057422,0.9202893510468109,0.8492635537449076,0.7209126984126984
b,average,semeval2012-v6,0,,triplet,10,468.94476086102424,0.3353115727002967,0.3333333333333333,0.3449074074074074,0.362,0.3896609227348527,0.3315508021390374,0.7666114208226609,0.7382629107981221,0.547670639219935,0.8174862627808306,0.7612033845189595,0.7289880952380953
b,average,semeval2012-v6,0,-child,triplet,8,381.2598808083353,0.3590504451038576,0.36403508771929827,0.3888888888888889,0.524,0.45136186770428016,0.3609625668449198,0.8574657224649691,0.7924882629107982,0.6240520043336945,0.907630242748835,0.8602319022250078,0.8286111111111111
b,average,semeval2012-v6,0,-child-prototypical,triplet,5,63.98615088971942,0.3086053412462908,0.34210526315789475,0.3449074074074074,0.42,0.3596442468037799,0.3074866310160428,0.8558083471447944,0.7896713615023474,0.6121343445287107,0.9407386798358489,0.8445628329677217,0.7524007936507936
b,average,semeval2012-v6,0,-parent,triplet,5,62544.7005859375,0.3086053412462908,0.34210526315789475,0.3449074074074074,0.42,0.3596442468037799,0.3074866310160428,0.8558083471447944,0.7896713615023474,0.6121343445287107,0.9407386798358489,0.8445628329677217,0.7524007936507936
b,average,semeval2012-v6,1,,triplet,9,646.0123380937505,0.3560830860534125,0.37719298245614036,0.38425925925925924,0.432,0.3468593663146192,0.3502673796791444,0.8523429260207925,0.8157276995305164,0.6386782231852655,0.95875356472143,0.846443121278596,0.7449603174603174
b,average,semeval2012-v6,1,-child,triplet,5,463.9802632829811,0.3353115727002967,0.36403508771929827,0.3333333333333333,0.516,0.44191217342968314,0.33689839572192515,0.8916679222540305,0.7997652582159624,0.6153846153846154,0.9635528969882451,0.8806016922594797,0.7782142857142857
b,average,semeval2012-v6,1,-child-prototypical,triplet,8,72.57102602520384,0.34718100890207715,0.3684210526315789,0.3773148148148148,0.418,0.3407448582545859,0.339572192513369,0.8704233840590628,0.8173708920187793,0.6229685807150596,0.9571537872991583,0.8630523346913194,0.768531746031746
b,average,semeval2012-v6,1,-parent,triplet,9,80744.1001953125,0.3560830860534125,0.37719298245614036,0.38425925925925924,0.432,0.3468593663146192,0.3502673796791444,0.8625885189091457,0.815962441314554,0.638136511375948,0.9396257911942686,0.8658727671576308,0.7449603174603174
b,average,semeval2012-v6,2,,triplet,10,564.342736405705,0.29673590504451036,0.3508771929824561,0.35185185185185186,0.444,0.41078376876042244,0.30213903743315507,0.8389332529757421,0.8110328638497653,0.6397616468039004,0.936495791889824,0.8574114697586963,0.7143253968253969
b,average,semeval2012-v6,2,-child,triplet,10,312.43340944489347,0.29673590504451036,0.3508771929824561,0.35185185185185186,0.444,0.41078376876042244,0.30213903743315507,0.8350158204007835,0.8082159624413146,0.6397616468039004,0.9267580162759964,0.857724851143842,0.7143253968253969
b,average,semeval2012-v6,2,-child-prototypical,triplet,10,56.42106406305891,0.29673590504451036,0.3508771929824561,0.35185185185185186,0.444,0.41078376876042244,0.30213903743315507,0.8350158204007835,0.8082159624413146,0.6397616468039004,0.9267580162759964,0.857724851143842,0.7143253968253969
b,average,semeval2012-v6,2,-parent,triplet,10,49859.1390625,0.29673590504451036,0.3508771929824561,0.35185185185185186,0.444,0.41078376876042244,0.30213903743315507,0.8350158204007835,0.8082159624413146,0.6397616468039004,0.9267580162759964,0.857724851143842,0.7143253968253969
c,average,semeval2012-v6,0,,triplet,8,327.066978885917,0.39762611275964393,0.39473684210526316,0.41898148148148145,0.662,0.5202890494719289,0.40106951871657753,0.8360705137863492,0.8253521126760563,0.6495124593716143,0.9288446824789595,0.7931682858038233,0.7625396825396825
c,average,semeval2012-v6,0,-child,triplet,10,210.28400609463077,0.37091988130563797,0.3508771929824561,0.36574074074074076,0.53,0.453029460811562,0.3663101604278075,0.8607804731053187,0.7061032863849765,0.6045503791982665,0.8553940321346595,0.8693199623942337,0.7883333333333333
c,average,semeval2012-v6,0,-child-prototypical,triplet,10,43.57434424731894,0.37091988130563797,0.3508771929824561,0.36574074074074076,0.53,0.453029460811562,0.3663101604278075,0.8607804731053187,0.7061032863849765,0.6045503791982665,0.8553940321346595,0.8693199623942337,0.7883333333333333
c,average,semeval2012-v6,0,-parent,triplet,10,39719.31064453125,0.37091988130563797,0.3508771929824561,0.36574074074074076,0.53,0.453029460811562,0.3663101604278075,0.8607804731053187,0.7061032863849765,0.6045503791982665,0.8553940321346595,0.8693199623942337,0.7883333333333333
c,average,semeval2012-v6,1,,triplet,9,418.326157475505,0.3768545994065282,0.39473684210526316,0.37962962962962965,0.57,0.44580322401334077,0.3770053475935829,0.8797649540455025,0.7992957746478874,0.6397616468039004,0.9367044585101204,0.8677530554685051,0.7624206349206349
c,average,semeval2012-v6,1,-child,triplet,5,304.2247451030755,0.4332344213649852,0.4298245614035088,0.4583333333333333,0.706,0.5803224013340745,0.4358288770053476,0.881271658882025,0.8199530516431925,0.6468039003250271,0.9554148987966892,0.8953306173613286,0.7818253968253969
c,average,semeval2012-v6,1,-child-prototypical,triplet,9,40.21824757985503,0.3768545994065282,0.39473684210526316,0.37962962962962965,0.57,0.44580322401334077,0.3770053475935829,0.8350158204007835,0.7992957746478874,0.6576381365113759,0.9373304583710093,0.8683798182387966,0.7624206349206349
c,average,semeval2012-v6,1,-parent,triplet,8,52285.04912109375,0.3560830860534125,0.3201754385964912,0.3587962962962963,0.56,0.4252362423568649,0.35561497326203206,0.8576163929486214,0.8276995305164319,0.6543878656554712,0.9505460109897753,0.8787214039486054,0.7481349206349206
c,average,semeval2012-v6,2,,triplet,10,349.93825262501304,0.3798219584569733,0.4473684210526316,0.4166666666666667,0.662,0.5336297943301834,0.38235294117647056,0.8625885189091457,0.8065727699530516,0.6175514626218852,0.9263406830354037,0.8373550611093701,0.8335714285714285
c,average,semeval2012-v6,2,-child,triplet,5,219.158706391914,0.4391691394658754,0.44298245614035087,0.42824074074074076,0.648,0.519177320733741,0.4304812834224599,0.8759981919541961,0.8230046948356807,0.6034669555796316,0.8944146901300689,0.8423691632717015,0.795079365079365
c,average,semeval2012-v6,2,-child-prototypical,triplet,9,36.4423425171947,0.37388724035608306,0.37280701754385964,0.3472222222222222,0.59,0.4235686492495831,0.3663101604278075,0.8509868916679223,0.8075117370892019,0.6180931744312026,0.9054044654656743,0.8520839862112191,0.8009325396825396
c,average,semeval2012-v6,2,-parent,triplet,9,42086.86787109375,0.37388724035608306,0.37280701754385964,0.3472222222222222,0.59,0.4235686492495831,0.3663101604278075,0.8509868916679223,0.8075117370892019,0.6180931744312026,0.9054044654656743,0.8520839862112191,0.8009325396825396
d,average,semeval2012-v6,0,,triplet,10,336.86872631565376,0.41543026706231456,0.40350877192982454,0.3726851851851852,0.536,0.3979988882712618,0.4090909090909091,0.8173873738134699,0.7805164319248827,0.6132177681473456,0.8569938095569312,0.8533375117518018,0.7536111111111111
d,average,semeval2012-v6,0,-child,triplet,10,232.0153854662859,0.41543026706231456,0.40350877192982454,0.3726851851851852,0.536,0.3979988882712618,0.4090909090909091,0.8408919692632213,0.646244131455399,0.6110509209100758,0.8687486958336231,0.7696646819178942,0.7536111111111111
d,average,semeval2012-v6,0,-child-prototypical,triplet,10,50.83790531448369,0.41543026706231456,0.40350877192982454,0.3726851851851852,0.536,0.3979988882712618,0.4090909090909091,0.8408919692632213,0.646244131455399,0.6110509209100758,0.8687486958336231,0.7696646819178942,0.7536111111111111
d,average,semeval2012-v6,0,-parent,triplet,10,46317.6533203125,0.41543026706231456,0.40350877192982454,0.3726851851851852,0.536,0.3979988882712618,0.4090909090909091,0.8408919692632213,0.646244131455399,0.6110509209100758,0.8687486958336231,0.7696646819178942,0.7536111111111111
d,average,semeval2012-v6,1,,triplet,10,539.746430992464,0.3916913946587537,0.41228070175438597,0.3888888888888889,0.69,0.5347415230683713,0.37967914438502676,0.853246948922706,0.8044600938967136,0.5839653304442037,0.934687347847256,0.8279536195549985,0.7048015873015873
d,average,semeval2012-v6,1,-child,triplet,5,407.5851809993575,0.42729970326409494,0.39035087719298245,0.4027777777777778,0.746,0.5369649805447471,0.42245989304812837,0.9005574807895134,0.8204225352112676,0.6646803900325027,0.9513111219308618,0.88937637104356,0.7711706349206349
d,average,semeval2012-v6,1,-child-prototypical,triplet,9,54.480038791804716,0.34421364985163205,0.35964912280701755,0.33564814814814814,0.57,0.44969427459699834,0.3342245989304813,0.8268796142835618,0.7345070422535211,0.5910075839653305,0.9126382416359463,0.8241930429332498,0.6774801587301588
d,average,semeval2012-v6,1,-parent,triplet,9,62939.00322265625,0.34421364985163205,0.35964912280701755,0.33564814814814814,0.57,0.44969427459699834,0.3342245989304813,0.8268796142835618,0.7345070422535211,0.5910075839653305,0.9126382416359463,0.8241930429332498,0.6774801587301588
d,average,semeval2012-v6,2,,triplet,6,499.15004723442166,0.4035608308605341,0.41228070175438597,0.42824074074074076,0.74,0.5225125069483046,0.4090909090909091,0.8717794184119331,0.8208920187793427,0.6619718309859155,0.9419906795576267,0.8326543403321841,0.805515873015873
d,average,semeval2012-v6,2,-child,triplet,5,340.7135082709638,0.39465875370919884,0.4298245614035088,0.42592592592592593,0.73,0.5508615897720957,0.393048128342246,0.8234141931595599,0.7929577464788734,0.6473456121343445,0.8730611393197468,0.8354747727984958,0.7944444444444444
d,average,semeval2012-v6,2,-child-prototypical,triplet,9,42.089100994576995,0.3590504451038576,0.3815789473684211,0.3611111111111111,0.616,0.47915508615897723,0.34759358288770054,0.8053337351212897,0.7363849765258216,0.5687973997833152,0.8538638102524866,0.7994359135067377,0.7167460317460317
d,average,semeval2012-v6,2,-parent,triplet,5,52845.810546875,0.39465875370919884,0.4298245614035088,0.42592592592592593,0.73,0.5508615897720957,0.393048128342246,0.8234141931595599,0.7929577464788734,0.6473456121343445,0.8730611393197468,0.8354747727984958,0.7944444444444444
e,average,semeval2012-v6,0,,triplet,10,491.93222197461387,0.314540059347181,0.32894736842105265,0.30787037037037035,0.416,0.45247359644246804,0.3155080213903743,0.7705288533976195,0.7215962441314553,0.41657638136511377,0.8510120331084371,0.7345659667815732,0.7703968253968254
e,average,semeval2012-v6,0,-child,triplet,10,354.87399025204815,0.314540059347181,0.32894736842105265,0.30787037037037035,0.416,0.45247359644246804,0.3155080213903743,0.8041283712520717,0.7333333333333333,0.537919826652221,0.8921889128469083,0.7615167659041053,0.7703968253968254
e,average,semeval2012-v6,0,-child-prototypical,triplet,10,49.713164992338854,0.314540059347181,0.32894736842105265,0.30787037037037035,0.416,0.45247359644246804,0.3155080213903743,0.8041283712520717,0.7333333333333333,0.537919826652221,0.8921889128469083,0.7615167659041053,0.7703968253968254
e,average,semeval2012-v6,0,-parent,triplet,10,55286.3318359375,0.314540059347181,0.32894736842105265,0.30787037037037035,0.416,0.45247359644246804,0.3155080213903743,0.8041283712520717,0.7333333333333333,0.537919826652221,0.8921889128469083,0.7615167659041053,0.7703968253968254
e,average,semeval2012-v6,1,,triplet,9,598.2243039761714,0.35014836795252224,0.39035087719298245,0.43287037037037035,0.644,0.5202890494719289,0.3502673796791444,0.8461654361910502,0.8145539906103286,0.6505958829902492,0.9319051262433052,0.7511751801942964,0.8018650793650793
e,average,semeval2012-v6,1,-child,triplet,10,489.31218243248856,0.3798219584569733,0.39035087719298245,0.4097222222222222,0.634,0.5041689827682045,0.3770053475935829,0.7852945607955402,0.7643192488262912,0.6446370530877573,0.9114557974542672,0.8395487308053902,0.8028968253968254
e,average,semeval2012-v6,1,-child-prototypical,triplet,10,50.313406926350126,0.3798219584569733,0.39035087719298245,0.4097222222222222,0.634,0.5041689827682045,0.3770053475935829,0.7852945607955402,0.7643192488262912,0.6446370530877573,0.9114557974542672,0.8395487308053902,0.8028968253968254
e,average,semeval2012-v6,1,-parent,triplet,10,66925.2103515625,0.3798219584569733,0.39035087719298245,0.4097222222222222,0.634,0.5041689827682045,0.3770053475935829,0.7852945607955402,0.7643192488262912,0.6446370530877573,0.9114557974542672,0.8395487308053902,0.8028968253968254
e,average,semeval2012-v6,2,,triplet,10,467.9142111060493,0.3857566765578635,0.4517543859649123,0.42824074074074076,0.646,0.5063924402445803,0.37967914438502676,0.8080458038270304,0.7894366197183098,0.5520043336944745,0.9177157960631565,0.770918207458477,0.790515873015873
e,average,semeval2012-v6,2,-child,triplet,9,395.6022449430031,0.34421364985163205,0.41228070175438597,0.42824074074074076,0.632,0.4952751528627015,0.32887700534759357,0.8559590176284467,0.7924882629107982,0.6175514626218852,0.9162551297210823,0.7966154810404262,0.7171428571428572
e,average,semeval2012-v6,2,-child-prototypical,triplet,8,50.4963139870779,0.3264094955489614,0.4298245614035088,0.4375,0.602,0.4947192884936076,0.3181818181818182,0.8533976194063583,0.7413145539906103,0.59534127843987,0.8863462474786117,0.8433093074271388,0.6901785714285714
e,average,semeval2012-v6,2,-parent,triplet,8,58564.752734375,0.3264094955489614,0.4298245614035088,0.4375,0.602,0.4947192884936076,0.3181818181818182,0.8533976194063583,0.7413145539906103,0.59534127843987,0.8863462474786117,0.8433093074271388,0.6901785714285714
a,mask,semeval2012-v6,0,,triplet,8,19.46464053712313,0.3857566765578635,0.33771929824561403,0.3541666666666667,0.606,0.6142301278488049,0.3850267379679144,0.8312490583094772,0.8084507042253521,0.6386782231852655,0.91242957501565,0.8793481667188969,0.7335515873015873
a,mask,semeval2012-v6,0,-child,triplet,9,5.781464830229554,0.3857566765578635,0.34649122807017546,0.3263888888888889,0.462,0.4452473596442468,0.3850267379679144,0.8225101702576465,0.7518779342723004,0.5411700975081257,0.8478820338039924,0.8307740520213099,0.8158333333333333
a,mask,semeval2012-v6,0,-child-prototypical,triplet,9,0.6525013643901837,0.3857566765578635,0.34649122807017546,0.3263888888888889,0.462,0.4452473596442468,0.3850267379679144,0.8225101702576465,0.7518779342723004,0.5411700975081257,0.8478820338039924,0.8307740520213099,0.8158333333333333
a,mask,semeval2012-v6,0,-parent,triplet,9,820.9379867553711,0.3857566765578635,0.34649122807017546,0.3263888888888889,0.462,0.4452473596442468,0.3850267379679144,0.8225101702576465,0.7518779342723004,0.5411700975081257,0.8478820338039924,0.8307740520213099,0.8158333333333333
a,mask,semeval2012-v6,1,,triplet,9,30.555283887668946,0.3649851632047478,0.3333333333333333,0.3101851851851852,0.532,0.4280155642023346,0.3582887700534759,0.8460147657073979,0.8084507042253521,0.6424702058504875,0.913612019197329,0.8693199623942337,0.8430952380952381
a,mask,semeval2012-v6,1,-child,triplet,9,13.472196867194357,0.3649851632047478,0.3333333333333333,0.3101851851851852,0.532,0.4280155642023346,0.3582887700534759,0.8464667771583547,0.8084507042253521,0.6397616468039004,0.9094386867914029,0.8693199623942337,0.8430952380952381
a,mask,semeval2012-v6,1,-child-prototypical,triplet,9,2.596110886216841,0.3649851632047478,0.3333333333333333,0.3101851851851852,0.532,0.4280155642023346,0.3582887700534759,0.8464667771583547,0.8084507042253521,0.6397616468039004,0.9094386867914029,0.8693199623942337,0.8430952380952381
a,mask,semeval2012-v6,1,-parent,triplet,9,2259.930352783203,0.3649851632047478,0.3333333333333333,0.3101851851851852,0.532,0.4280155642023346,0.3582887700534759,0.8464667771583547,0.8084507042253521,0.6397616468039004,0.9094386867914029,0.8693199623942337,0.8430952380952381
a,mask,semeval2012-v6,2,,triplet,9,20.809142872869327,0.3590504451038576,0.3991228070175439,0.35648148148148145,0.494,0.481378543635353,0.34759358288770054,0.8610818140726232,0.8171361502347417,0.6229685807150596,0.9215413507685887,0.857724851143842,0.7463293650793651
a,mask,semeval2012-v6,2,-child,triplet,5,9.025858799113504,0.36795252225519287,0.3333333333333333,0.31712962962962965,0.468,0.3952195664257921,0.35561497326203206,0.8853397619406358,0.8082159624413146,0.6110509209100758,0.9426166794185157,0.8727671576308367,0.6884126984126984
a,mask,semeval2012-v6,2,-child-prototypical,triplet,10,1.1012383833139099,0.3293768545994065,0.36403508771929827,0.3402777777777778,0.414,0.3941078376876042,0.3315508021390374,0.7663100798553564,0.7319248826291079,0.5444203683640303,0.8288238158169298,0.7414603572547791,0.6737698412698413
a,mask,semeval2012-v6,2,-parent,triplet,5,953.6649475097656,0.36795252225519287,0.3333333333333333,0.31712962962962965,0.468,0.3952195664257921,0.35561497326203206,0.8853397619406358,0.8082159624413146,0.6110509209100758,0.9426166794185157,0.8727671576308367,0.6884126984126984
b,mask,semeval2012-v6,0,,triplet,8,18.84449525620882,0.33827893175074186,0.3684210526315789,0.35648148148148145,0.49,0.48360200111172874,0.32887700534759357,0.8271809552508663,0.7927230046948357,0.5866738894907909,0.8843291368157474,0.8335944844876215,0.6770238095238095
b,mask,semeval2012-v6,0,-child,triplet,9,3.795139798635169,0.3323442136498516,0.33771929824561403,0.35185185185185186,0.382,0.3507504168982768,0.32620320855614976,0.7999095977098086,0.7530516431924884,0.4739978331527627,0.8818946929122905,0.7790661234722657,0.8059920634920635
b,mask,semeval2012-v6,0,-child-prototypical,triplet,9,0.42909262280034666,0.3323442136498516,0.33771929824561403,0.35185185185185186,0.382,0.3507504168982768,0.32620320855614976,0.7999095977098086,0.7530516431924884,0.4739978331527627,0.8818946929122905,0.7790661234722657,0.8059920634920635
b,mask,semeval2012-v6,0,-parent,triplet,9,474.225528717041,0.3323442136498516,0.33771929824561403,0.35185185185185186,0.382,0.3507504168982768,0.32620320855614976,0.7999095977098086,0.7530516431924884,0.4739978331527627,0.8818946929122905,0.7790661234722657,0.8059920634920635
b,mask,semeval2012-v6,1,,triplet,9,15.124422920289403,0.35014836795252224,0.41228070175438597,0.4050925925925926,0.554,0.4191217342968316,0.35294117647058826,0.8410426397468735,0.7981220657276996,0.605092091007584,0.9076997982889338,0.855531181447822,0.7523809523809524
b,mask,semeval2012-v6,1,-child,triplet,8,16.161719940885714,0.35311572700296734,0.39035087719298245,0.3773148148148148,0.562,0.4102279043913285,0.34759358288770054,0.841795992165135,0.7873239436619718,0.5877573131094258,0.9225846838700703,0.8558445628329677,0.7791666666666667
b,mask,semeval2012-v6,1,-child-prototypical,triplet,8,1.3930412306673317,0.35311572700296734,0.39035087719298245,0.3773148148148148,0.562,0.4102279043913285,0.34759358288770054,0.841795992165135,0.7873239436619718,0.5877573131094258,0.9225846838700703,0.8558445628329677,0.7791666666666667
b,mask,semeval2012-v6,1,-parent,triplet,8,2098.704164123535,0.35311572700296734,0.39035087719298245,0.3773148148148148,0.562,0.4102279043913285,0.34759358288770054,0.841795992165135,0.7873239436619718,0.5877573131094258,0.9225846838700703,0.8558445628329677,0.7791666666666667
b,mask,semeval2012-v6,2,,triplet,9,20.765829732438966,0.3353115727002967,0.39035087719298245,0.38425925925925924,0.504,0.39466370205669815,0.32887700534759357,0.8323037516950429,0.7492957746478873,0.5861321776814734,0.903109132642415,0.8429959260419931,0.7584126984126984
b,mask,semeval2012-v6,2,-child,triplet,8,4.345522239238401,0.33827893175074186,0.40350877192982454,0.38425925925925924,0.476,0.3941078376876042,0.3315508021390374,0.8157299984932952,0.7908450704225352,0.5390032502708559,0.9006746887389581,0.8097774992165465,0.6994047619047619
b,mask,semeval2012-v6,2,-child-prototypical,triplet,8,0.8130077721132712,0.33827893175074186,0.40350877192982454,0.38425925925925924,0.476,0.3941078376876042,0.3315508021390374,0.8157299984932952,0.7908450704225352,0.5390032502708559,0.9006746887389581,0.8097774992165465,0.6994047619047619
b,mask,semeval2012-v6,2,-parent,triplet,8,1124.102590942383,0.33827893175074186,0.40350877192982454,0.38425925925925924,0.476,0.3941078376876042,0.3315508021390374,0.8157299984932952,0.7908450704225352,0.5390032502708559,0.9006746887389581,0.8097774992165465,0.6994047619047619
c,mask,semeval2012-v6,0,,triplet,8,18.782980699899962,0.35311572700296734,0.37280701754385964,0.4027777777777778,0.678,0.5697609783212896,0.3502673796791444,0.8265782733162573,0.7572769953051643,0.5211267605633803,0.8593586979202894,0.8549044186775305,0.7428373015873015
c,mask,semeval2012-v6,0,-child,triplet,2,3.6111968710452698,0.34421364985163205,0.39035087719298245,0.3819444444444444,0.572,0.5130628126737076,0.3449197860962567,0.832906433629652,0.7967136150234742,0.5509209100758397,0.9061000208666621,0.8398621121905359,0.7053968253968254
c,mask,semeval2012-v6,0,-child-prototypical,triplet,2,0.3586976509956301,0.34421364985163205,0.39035087719298245,0.3819444444444444,0.572,0.5130628126737076,0.3449197860962567,0.832906433629652,0.7967136150234742,0.5509209100758397,0.9061000208666621,0.8398621121905359,0.7053968253968254
c,mask,semeval2012-v6,0,-parent,triplet,2,309.3980522155762,0.34421364985163205,0.39035087719298245,0.3819444444444444,0.572,0.5130628126737076,0.3449197860962567,0.832906433629652,0.7967136150234742,0.5509209100758397,0.9061000208666621,0.8398621121905359,0.7053968253968254
c,mask,semeval2012-v6,1,,triplet,5,23.188583701963033,0.34718100890207715,0.39473684210526316,0.3541666666666667,0.618,0.48526959421901056,0.35561497326203206,0.8442067199035708,0.8110328638497653,0.5769230769230769,0.9118035751547611,0.8564713256032591,0.7
c,mask,semeval2012-v6,1,-child,triplet,6,13.664078499697432,0.35014836795252224,0.35964912280701755,0.33796296296296297,0.59,0.4252362423568649,0.3449197860962567,0.8695193611571493,0.7643192488262912,0.5525460455037919,0.9296793489601447,0.8712002507051081,0.7567460317460317
c,mask,semeval2012-v6,1,-child-prototypical,triplet,6,1.0547996390100727,0.35014836795252224,0.35964912280701755,0.33796296296296297,0.59,0.4252362423568649,0.3449197860962567,0.8695193611571493,0.7643192488262912,0.5525460455037919,0.9296793489601447,0.8712002507051081,0.7567460317460317
c,mask,semeval2012-v6,1,-parent,triplet,6,1271.3766357421875,0.35014836795252224,0.35964912280701755,0.33796296296296297,0.59,0.4252362423568649,0.3449197860962567,0.8695193611571493,0.7643192488262912,0.5525460455037919,0.9296793489601447,0.8712002507051081,0.7567460317460317
c,mask,semeval2012-v6,2,,triplet,9,23.91733241763647,0.3264094955489614,0.37719298245614036,0.36342592592592593,0.464,0.47581989994441354,0.32887700534759357,0.7761036612927528,0.7328638497652582,0.5390032502708559,0.8753564721430062,0.8282670009401442,0.6346626984126984
c,mask,semeval2012-v6,2,-child,triplet,5,2.7894023536126826,0.2878338278931751,0.3815789473684211,0.35185185185185186,0.494,0.3885491939966648,0.29411764705882354,0.7629953292150068,0.718075117370892,0.4442036836403034,0.8604715865618696,0.7580695706675025,0.5337896825396825
c,mask,semeval2012-v6,2,-child-prototypical,triplet,10,0.3162217776380165,0.3323442136498516,0.34210526315789475,0.32407407407407407,0.474,0.44858254585881047,0.32887700534759357,0.776254331776405,0.753755868544601,0.4284940411700975,0.8608193642623635,0.7643371983704167,0.6386706349206349
c,mask,semeval2012-v6,2,-parent,triplet,10,299.843196105957,0.3323442136498516,0.34210526315789475,0.32407407407407407,0.474,0.44858254585881047,0.32887700534759357,0.776254331776405,0.753755868544601,0.4284940411700975,0.8608193642623635,0.7643371983704167,0.6386706349206349
d,mask,semeval2012-v6,0,,triplet,8,25.882784911733843,0.42136498516320475,0.40789473684210525,0.46064814814814814,0.766,0.6564758198999444,0.4117647058823529,0.8470694590929637,0.819718309859155,0.6267605633802817,0.9027613549419211,0.8602319022250078,0.7198412698412698
d,mask,semeval2012-v6,0,-child,triplet,2,3.647079327438451,0.4065281899109792,0.40350877192982454,0.40046296296296297,0.764,0.603112840466926,0.40641711229946526,0.854452312791924,0.7906103286384977,0.6310942578548212,0.9136815747374278,0.8260733312441241,0.6966865079365079
d,mask,semeval2012-v6,0,-child-prototypical,triplet,2,0.3775883671665477,0.4065281899109792,0.40350877192982454,0.40046296296296297,0.764,0.603112840466926,0.40641711229946526,0.854452312791924,0.7906103286384977,0.6310942578548212,0.9136815747374278,0.8260733312441241,0.6966865079365079
d,mask,semeval2012-v6,0,-parent,triplet,2,494.1355712890625,0.4065281899109792,0.40350877192982454,0.40046296296296297,0.764,0.603112840466926,0.40641711229946526,0.854452312791924,0.7906103286384977,0.6310942578548212,0.9136815747374278,0.8260733312441241,0.6966865079365079
d,mask,semeval2012-v6,1,,triplet,9,22.021070068611177,0.42433234421364985,0.43859649122807015,0.4351851851851852,0.744,0.5619788771539744,0.4197860962566845,0.8895585354828989,0.8453051643192488,0.6793066088840737,0.9344786812269598,0.8658727671576308,0.7853174603174603
d,mask,semeval2012-v6,1,-child,triplet,9,18.363642688038983,0.42433234421364985,0.43859649122807015,0.4351851851851852,0.744,0.5619788771539744,0.4197860962566845,0.8716287479282808,0.8446009389671362,0.676056338028169,0.9460944564234541,0.8799749294891883,0.7853174603174603
d,mask,semeval2012-v6,1,-child-prototypical,triplet,9,3.3416088051121156,0.42433234421364985,0.43859649122807015,0.4351851851851852,0.744,0.5619788771539744,0.4197860962566845,0.8716287479282808,0.8446009389671362,0.676056338028169,0.9460944564234541,0.8799749294891883,0.7853174603174603
d,mask,semeval2012-v6,1,-parent,triplet,9,4366.393579101563,0.42433234421364985,0.43859649122807015,0.4351851851851852,0.744,0.5619788771539744,0.4197860962566845,0.8716287479282808,0.8446009389671362,0.676056338028169,0.9460944564234541,0.8799749294891883,0.7853174603174603
d,mask,semeval2012-v6,2,,triplet,9,21.818842394834565,0.44510385756676557,0.4473684210526316,0.49537037037037035,0.878,0.6120066703724292,0.43315508021390375,0.8796142835618503,0.8394366197183099,0.6749729144095341,0.9191069068651319,0.8921968035098715,0.6089087301587301
d,mask,semeval2012-v6,2,-child,triplet,10,11.962710789487332,0.4065281899109792,0.4298245614035088,0.4375,0.814,0.6520289049471929,0.40641711229946526,0.8256742504143438,0.8183098591549296,0.6413867822318526,0.8593586979202894,0.8583516139141335,0.6858134920634921
d,mask,semeval2012-v6,2,-child-prototypical,triplet,10,1.8094288570074828,0.4065281899109792,0.4298245614035088,0.4375,0.814,0.6520289049471929,0.40641711229946526,0.8256742504143438,0.8183098591549296,0.6413867822318526,0.8593586979202894,0.8583516139141335,0.6858134920634921
d,mask,semeval2012-v6,2,-parent,triplet,10,2094.797009277344,0.4065281899109792,0.4298245614035088,0.4375,0.814,0.6520289049471929,0.40641711229946526,0.8256742504143438,0.8183098591549296,0.6413867822318526,0.8593586979202894,0.8583516139141335,0.6858134920634921
e,mask,semeval2012-v6,0,,triplet,10,26.06628780729168,0.3086053412462908,0.30701754385964913,0.3333333333333333,0.374,0.3051695386325737,0.3074866310160428,0.765556727437095,0.7288732394366196,0.5303358613217768,0.8661055853098699,0.7458476966468192,0.7637698412698413
e,mask,semeval2012-v6,0,-child,triplet,2,11.043054328689092,0.2314540059347181,0.3157894736842105,0.2847222222222222,0.384,0.3229571984435798,0.23529411764705882,0.6522525237306012,0.7183098591549296,0.42632719393282775,0.8141475968560896,0.6552804763397054,0.38442460317460314
e,mask,semeval2012-v6,0,-child-prototypical,triplet,2,0.9499067174906018,0.2314540059347181,0.3157894736842105,0.2847222222222222,0.384,0.3229571984435798,0.23529411764705882,0.6522525237306012,0.7183098591549296,0.42632719393282775,0.8141475968560896,0.6552804763397054,0.38442460317460314
e,mask,semeval2012-v6,0,-parent,triplet,2,1082.7538269042968,0.2314540059347181,0.3157894736842105,0.2847222222222222,0.384,0.3229571984435798,0.23529411764705882,0.6522525237306012,0.7183098591549296,0.42632719393282775,0.8141475968560896,0.6552804763397054,0.38442460317460314
e,mask,semeval2012-v6,1,,triplet,9,24.146556048959116,0.34718100890207715,0.35526315789473684,0.37962962962962965,0.644,0.5441912173429683,0.3342245989304813,0.8145246346240772,0.7774647887323943,0.5980498374864572,0.8878069138206858,0.827326856784707,0.7387698412698412
e,mask,semeval2012-v6,1,-child,triplet,8,4.789311781714234,0.3916913946587537,0.37280701754385964,0.40046296296296297,0.6,0.5269594219010562,0.3850267379679144,0.835317161368088,0.7708920187793428,0.6040086673889491,0.8937886902691798,0.8448762143528674,0.7030555555555555
e,mask,semeval2012-v6,1,-child-prototypical,triplet,8,0.7190598215464009,0.3916913946587537,0.37280701754385964,0.40046296296296297,0.6,0.5269594219010562,0.3850267379679144,0.835317161368088,0.7708920187793428,0.6040086673889491,0.8937886902691798,0.8448762143528674,0.7030555555555555
e,mask,semeval2012-v6,1,-parent,triplet,8,821.9141342163086,0.3916913946587537,0.37280701754385964,0.40046296296296297,0.6,0.5269594219010562,0.3850267379679144,0.835317161368088,0.7708920187793428,0.6040086673889491,0.8937886902691798,0.8448762143528674,0.7030555555555555
e,mask,semeval2012-v6,2,,triplet,4,20.66923573872145,0.3590504451038576,0.38596491228070173,0.38657407407407407,0.544,0.4980544747081712,0.34759358288770054,0.835919843302697,0.7704225352112676,0.6121343445287107,0.9145162412186131,0.8223127546223754,0.47160714285714284
e,mask,semeval2012-v6,2,-child,triplet,8,2.006248009355762,0.32047477744807124,0.33771929824561403,0.36342592592592593,0.552,0.4558087826570317,0.31016042780748665,0.7158354678318517,0.7342723004694836,0.4431202600216685,0.865201363288586,0.727984957693513,0.6546230158730159
e,mask,semeval2012-v6,2,-child-prototypical,triplet,8,0.1242702162464327,0.32047477744807124,0.33771929824561403,0.36342592592592593,0.552,0.4558087826570317,0.31016042780748665,0.7158354678318517,0.7342723004694836,0.4431202600216685,0.865201363288586,0.727984957693513,0.6546230158730159
e,mask,semeval2012-v6,2,-parent,triplet,8,250.17999877929688,0.32047477744807124,0.33771929824561403,0.36342592592592593,0.552,0.4558087826570317,0.31016042780748665,0.7158354678318517,0.7342723004694836,0.4431202600216685,0.865201363288586,0.727984957693513,0.6546230158730159
a,average,semeval2012-v6,0,,loob,10,-17.479531736998204,0.35014836795252224,0.4517543859649123,0.4097222222222222,0.748,0.5914396887159533,0.3449197860962567,0.8607804731053187,0.7352112676056338,0.5384615384615384,0.939834457814565,0.8339078658727671,0.571031746031746
a,average,semeval2012-v6,0,-child,loob,10,-13.106228393844411,0.35014836795252224,0.4517543859649123,0.4097222222222222,0.748,0.5914396887159533,0.3449197860962567,0.8607804731053187,0.7352112676056338,0.5384615384615384,0.939834457814565,0.8339078658727671,0.571031746031746
a,average,semeval2012-v6,0,-child-prototypical,loob,10,-22.42169915786897,0.35014836795252224,0.4517543859649123,0.4097222222222222,0.748,0.5914396887159533,0.3449197860962567,0.8607804731053187,0.7352112676056338,0.5384615384615384,0.939834457814565,0.8339078658727671,0.571031746031746
a,average,semeval2012-v6,0,-parent,loob,9,1348.3637939453124,0.4065281899109792,0.3684210526315789,0.40046296296296297,0.774,0.6092273485269594,0.4090909090909091,0.8720807593792376,0.7485915492957746,0.5422535211267606,0.9413646796967379,0.8417424005014102,0.6115277777777778
a,average,semeval2012-v6,1,,loob,9,-17.82356478398325,0.3086053412462908,0.37280701754385964,0.3888888888888889,0.746,0.6042245692051139,0.31283422459893045,0.8716287479282808,0.7561032863849765,0.5455037919826652,0.9380260137719969,0.8448762143528674,0.6776984126984127
a,average,semeval2012-v6,1,-child,loob,9,-14.04399978661839,0.3086053412462908,0.37280701754385964,0.3888888888888889,0.746,0.6042245692051139,0.31283422459893045,0.8716287479282808,0.7561032863849765,0.5455037919826652,0.9380260137719969,0.8448762143528674,0.6776984126984127
a,average,semeval2012-v6,1,-child-prototypical,loob,9,-23.303879825684973,0.3086053412462908,0.37280701754385964,0.3888888888888889,0.746,0.6042245692051139,0.31283422459893045,0.8716287479282808,0.7561032863849765,0.5455037919826652,0.9380260137719969,0.8448762143528674,0.6776984126984127
a,average,semeval2012-v6,1,-parent,loob,9,1277.9382629394531,0.3086053412462908,0.37280701754385964,0.3888888888888889,0.746,0.6042245692051139,0.31283422459893045,0.8716287479282808,0.7561032863849765,0.5455037919826652,0.9380260137719969,0.8448762143528674,0.6776984126984127
a,average,semeval2012-v6,2,,loob,9,-16.717895249480858,0.28486646884273,0.31140350877192985,0.33564814814814814,0.544,0.35130628126737073,0.28342245989304815,0.8458640952237456,0.7546948356807511,0.5178764897074756,0.9296793489601447,0.8307740520213099,0.5084920634920634
a,average,semeval2012-v6,2,-child,loob,1,0.9053431492817553,0.3827893175074184,0.3684210526315789,0.3773148148148148,0.516,0.386881600889383,0.37967914438502676,0.8752448395359349,0.752582159624413,0.557421451787649,0.9433122348195033,0.8429959260419931,0.6413492063492063
a,average,semeval2012-v6,2,-child-prototypical,loob,1,-4.889305159511554,0.3827893175074184,0.3684210526315789,0.3773148148148148,0.516,0.386881600889383,0.37967914438502676,0.8752448395359349,0.752582159624413,0.557421451787649,0.9433122348195033,0.8429959260419931,0.6413492063492063
a,average,semeval2012-v6,2,-parent,loob,2,1426.6311462402343,0.34421364985163205,0.3157894736842105,0.3402777777777778,0.472,0.38632573652028906,0.3422459893048128,0.8564110290794034,0.7647887323943662,0.542795232936078,0.9477637893858246,0.8382952052648073,0.6259325396825397
b,average,semeval2012-v6,0,,loob,10,-17.029826239054145,0.2997032640949555,0.38596491228070173,0.37037037037037035,0.594,0.5403001667593107,0.30213903743315507,0.8618351664908844,0.7187793427230047,0.5390032502708559,0.9442860123808862,0.8122845502977123,0.6438492063492064
b,average,semeval2012-v6,0,-child,loob,10,-11.86148452758789,0.2997032640949555,0.38596491228070173,0.37037037037037035,0.594,0.5403001667593107,0.30213903743315507,0.8618351664908844,0.7187793427230047,0.5390032502708559,0.9442860123808862,0.8122845502977123,0.6335515873015873
b,average,semeval2012-v6,0,-child-prototypical,loob,10,-20.51701001418324,0.2997032640949555,0.38596491228070173,0.37037037037037035,0.594,0.5403001667593107,0.30213903743315507,0.8618351664908844,0.7187793427230047,0.5390032502708559,0.9442860123808862,0.8122845502977123,0.6335515873015873
b,average,semeval2012-v6,0,-parent,loob,10,1354.9644897460937,0.2997032640949555,0.38596491228070173,0.37037037037037035,0.594,0.5403001667593107,0.30213903743315507,0.8618351664908844,0.7187793427230047,0.5390032502708559,0.9442860123808862,0.8122845502977123,0.6335515873015873
b,average,semeval2012-v6,1,,loob,9,-17.557429999314905,0.32344213649851633,0.34649122807017546,0.42592592592592593,0.746,0.556976097832129,0.3155080213903743,0.8363718547536537,0.7342723004694836,0.5075839653304443,0.9342004590665647,0.8398621121905359,0.6438492063492064
b,average,semeval2012-v6,1,-child,loob,9,-14.119783950757377,0.32344213649851633,0.34649122807017546,0.42592592592592593,0.746,0.556976097832129,0.3155080213903743,0.8363718547536537,0.7342723004694836,0.5075839653304443,0.9342004590665647,0.8398621121905359,0.5873015873015873
b,average,semeval2012-v6,1,-child-prototypical,loob,9,-24.82353562793063,0.32344213649851633,0.34649122807017546,0.42592592592592593,0.746,0.556976097832129,0.3155080213903743,0.8363718547536537,0.7342723004694836,0.5075839653304443,0.9342004590665647,0.8398621121905359,0.5873015873015873
b,average,semeval2012-v6,1,-parent,loob,9,1239.8829284667968,0.32344213649851633,0.34649122807017546,0.42592592592592593,0.746,0.556976097832129,0.3155080213903743,0.8363718547536537,0.7342723004694836,0.5075839653304443,0.9342004590665647,0.8398621121905359,0.5873015873015873
b,average,semeval2012-v6,2,,loob,9,-16.99086801462195,0.39465875370919884,0.4298245614035088,0.4074074074074074,0.698,0.45525291828793774,0.3850267379679144,0.8725327708301943,0.7504694835680751,0.5687973997833152,0.9481115670863184,0.8113444061422752,0.6438492063492064
b,average,semeval2012-v6,2,-child,loob,9,-12.56755704517606,0.39465875370919884,0.4298245614035088,0.4074074074074074,0.698,0.45525291828793774,0.3850267379679144,0.8725327708301943,0.7504694835680751,0.5687973997833152,0.9481115670863184,0.8113444061422752,0.7334920634920635
b,average,semeval2012-v6,2,-child-prototypical,loob,9,-20.574404224354954,0.39465875370919884,0.4298245614035088,0.4074074074074074,0.698,0.45525291828793774,0.3850267379679144,0.8725327708301943,0.7504694835680751,0.5687973997833152,0.9481115670863184,0.8113444061422752,0.7334920634920635
b,average,semeval2012-v6,2,-parent,loob,10,1344.1904663085938,0.3857566765578635,0.40789473684210525,0.44212962962962965,0.594,0.37298499166203447,0.37967914438502676,0.8761488624378485,0.7647887323943662,0.6034669555796316,0.9543715656952076,0.8545910372923848,0.8384722222222222
c,average,semeval2012-v6,0,,loob,10,-17.238929681799483,0.3264094955489614,0.3201754385964912,0.36574074074074076,0.648,0.5302946081156198,0.32887700534759357,0.877655567274371,0.7129107981220657,0.5368364030335862,0.9531195659734298,0.8031964901284864,0.6438492063492064
c,average,semeval2012-v6,0,-child,loob,8,-10.063389259048655,0.3115727002967359,0.3333333333333333,0.3333333333333333,0.718,0.5669816564758199,0.31283422459893045,0.8671086334187132,0.7258215962441315,0.5460455037919827,0.9425471238784169,0.831714196176747,0.6000396825396825
c,average,semeval2012-v6,0,-child-prototypical,loob,10,-20.793926153165984,0.3264094955489614,0.3201754385964912,0.36574074074074076,0.648,0.5302946081156198,0.32887700534759357,0.877655567274371,0.7129107981220657,0.5368364030335862,0.9531195659734298,0.8031964901284864,0.41785714285714287
c,average,semeval2012-v6,0,-parent,loob,4,1394.6823852539062,0.3293768545994065,0.38596491228070173,0.3449074074074074,0.782,0.6103390772651474,0.32887700534759357,0.8668072924514088,0.8004694835680752,0.5585048754062839,0.9495026778882938,0.8423691632717015,0.7075198412698412
c,average,semeval2012-v6,1,,loob,9,-17.51551201488848,0.34718100890207715,0.40789473684210525,0.4212962962962963,0.86,0.6425792106725959,0.34759358288770054,0.8737381346994124,0.7786384976525821,0.5557963163596966,0.9456075676427628,0.849890316515199,0.6438492063492064
c,average,semeval2012-v6,1,-child,loob,9,-13.405108011221584,0.34718100890207715,0.40789473684210525,0.4212962962962963,0.86,0.6425792106725959,0.34759358288770054,0.8737381346994124,0.7786384976525821,0.5557963163596966,0.9456075676427628,0.849890316515199,0.6220436507936508
c,average,semeval2012-v6,1,-child-prototypical,loob,9,-22.195251234499953,0.34718100890207715,0.40789473684210525,0.4212962962962963,0.86,0.6425792106725959,0.34759358288770054,0.8737381346994124,0.7786384976525821,0.5557963163596966,0.9456075676427628,0.849890316515199,0.6220436507936508
c,average,semeval2012-v6,1,-parent,loob,9,1321.8958068847655,0.34718100890207715,0.40789473684210525,0.4212962962962963,0.86,0.6425792106725959,0.34759358288770054,0.8737381346994124,0.7786384976525821,0.5557963163596966,0.9456075676427628,0.849890316515199,0.6220436507936508
c,average,semeval2012-v6,2,,loob,9,-17.365242975829148,0.3857566765578635,0.37280701754385964,0.3611111111111111,0.724,0.47304057809894384,0.39572192513368987,0.8758475214705439,0.7424882629107981,0.5758396533044421,0.9492940112679975,0.8314008147916013,0.6438492063492064
c,average,semeval2012-v6,2,-child,loob,9,-11.579673610156096,0.3857566765578635,0.37280701754385964,0.3611111111111111,0.724,0.47304057809894384,0.39572192513368987,0.8758475214705439,0.7424882629107981,0.5758396533044421,0.9492940112679975,0.8314008147916013,0.5626984126984127
c,average,semeval2012-v6,2,-child-prototypical,loob,9,-20.43988544630707,0.3857566765578635,0.37280701754385964,0.3611111111111111,0.724,0.47304057809894384,0.39572192513368987,0.8758475214705439,0.7424882629107981,0.5758396533044421,0.9492940112679975,0.8314008147916013,0.5626984126984127
c,average,semeval2012-v6,2,-parent,loob,9,1329.2515563964844,0.3857566765578635,0.37280701754385964,0.3611111111111111,0.724,0.47304057809894384,0.39572192513368987,0.8758475214705439,0.7424882629107981,0.5758396533044421,0.9492940112679975,0.8314008147916013,0.5626984126984127
d,average,semeval2012-v6,0,,loob,10,-17.180464655228178,0.3115727002967359,0.38596491228070173,0.36574074074074076,0.75,0.5780989438576987,0.3181818181818182,0.8646979056802773,0.7136150234741784,0.5563380281690141,0.9493635668080963,0.8232528987778126,0.6438492063492064
d,average,semeval2012-v6,0,-child,loob,10,-11.495263111742236,0.3115727002967359,0.38596491228070173,0.36574074074074076,0.75,0.5780989438576987,0.3181818181818182,0.8646979056802773,0.7136150234741784,0.5563380281690141,0.9493635668080963,0.8232528987778126,0.5528769841269842
d,average,semeval2012-v6,0,-child-prototypical,loob,10,-20.780394526938917,0.3115727002967359,0.38596491228070173,0.36574074074074076,0.75,0.5780989438576987,0.3181818181818182,0.8646979056802773,0.7136150234741784,0.5563380281690141,0.9493635668080963,0.8232528987778126,0.5528769841269842
d,average,semeval2012-v6,0,-parent,loob,10,1373.0799621582032,0.3115727002967359,0.38596491228070173,0.36574074074074076,0.75,0.5780989438576987,0.3181818181818182,0.8646979056802773,0.7136150234741784,0.5563380281690141,0.9493635668080963,0.8232528987778126,0.5528769841269842
d,average,semeval2012-v6,1,,loob,9,-17.534165957711352,0.39762611275964393,0.42105263157894735,0.4375,0.774,0.5125069483046136,0.4037433155080214,0.8912159108030737,0.7558685446009391,0.5644637053087758,0.9558322320372817,0.8621121905358822,0.6438492063492064
d,average,semeval2012-v6,1,-child,loob,5,-11.244187119640882,0.4332344213649852,0.4342105263157895,0.4050925925925926,0.734,0.4652584769316287,0.42780748663101603,0.8830797046858521,0.7539906103286385,0.5704225352112676,0.9535368992140224,0.8204324663115011,0.7224206349206349
d,average,semeval2012-v6,1,-child-prototypical,loob,5,-20.234761716918584,0.4332344213649852,0.4342105263157895,0.4050925925925926,0.734,0.4652584769316287,0.42780748663101603,0.8830797046858521,0.7539906103286385,0.5704225352112676,0.9535368992140224,0.8204324663115011,0.7224206349206349
d,average,semeval2012-v6,1,-parent,loob,5,1370.2263916015625,0.4332344213649852,0.4342105263157895,0.4050925925925926,0.734,0.4652584769316287,0.42780748663101603,0.8830797046858521,0.7539906103286385,0.5704225352112676,0.9535368992140224,0.8204324663115011,0.7224206349206349
d,average,semeval2012-v6,2,,loob,9,-17.21441573240956,0.3649851632047478,0.38596491228070173,0.375,0.716,0.44691495275152865,0.3609625668449198,0.8740394756667169,0.7246478873239436,0.5243770314192849,0.9525631216526397,0.8564713256032591,0.6438492063492064
d,average,semeval2012-v6,2,-child,loob,9,-13.031659500508368,0.3649851632047478,0.38596491228070173,0.375,0.716,0.44691495275152865,0.3609625668449198,0.8740394756667169,0.7246478873239436,0.5243770314192849,0.9525631216526397,0.8564713256032591,0.7002579365079366
d,average,semeval2012-v6,2,-child-prototypical,loob,9,-22.56826203278821,0.3649851632047478,0.38596491228070173,0.375,0.716,0.44691495275152865,0.3609625668449198,0.8740394756667169,0.7246478873239436,0.5243770314192849,0.9525631216526397,0.8564713256032591,0.7002579365079366
d,average,semeval2012-v6,2,-parent,loob,9,1300.8622314453125,0.3649851632047478,0.38596491228070173,0.375,0.716,0.44691495275152865,0.3609625668449198,0.8740394756667169,0.7246478873239436,0.5243770314192849,0.9525631216526397,0.8564713256032591,0.7002579365079366
e,average,semeval2012-v6,0,,loob,8,-17.406572154090313,0.3560830860534125,0.3815789473684211,0.3587962962962963,0.668,0.42857142857142855,0.35561497326203206,0.8540003013409673,0.6960093896713615,0.5021668472372698,0.9437991236001948,0.823879661548104,0.6438492063492064
e,average,semeval2012-v6,0,-child,loob,10,-13.352138633969464,0.3560830860534125,0.39473684210526316,0.4027777777777778,0.744,0.49416342412451364,0.34759358288770054,0.8559590176284467,0.7284037558685446,0.5325027085590466,0.9396257911942686,0.8172986524600439,0.6805555555555556
e,average,semeval2012-v6,0,-child-prototypical,loob,8,-22.774823534439097,0.3560830860534125,0.3815789473684211,0.3587962962962963,0.668,0.42857142857142855,0.35561497326203206,0.8540003013409673,0.6960093896713615,0.5021668472372698,0.9437991236001948,0.823879661548104,0.6639087301587302
e,average,semeval2012-v6,0,-parent,loob,10,1320.5621337890625,0.3560830860534125,0.39473684210526316,0.4027777777777778,0.744,0.49416342412451364,0.34759358288770054,0.8559590176284467,0.7284037558685446,0.5325027085590466,0.9396257911942686,0.8172986524600439,0.6805555555555556
e,average,semeval2012-v6,1,,loob,9,-17.29119514961544,0.314540059347181,0.40789473684210525,0.3888888888888889,0.74,0.5797665369649806,0.32620320855614976,0.8665059514841043,0.7387323943661972,0.547670639219935,0.9487375669472073,0.7928549044186776,0.6438492063492064
e,average,semeval2012-v6,1,-child,loob,9,-13.02873287321646,0.314540059347181,0.40789473684210525,0.3888888888888889,0.74,0.5797665369649806,0.32620320855614976,0.8665059514841043,0.7387323943661972,0.547670639219935,0.9487375669472073,0.7928549044186776,0.6601587301587302
e,average,semeval2012-v6,1,-child-prototypical,loob,9,-22.823593487289074,0.314540059347181,0.40789473684210525,0.3888888888888889,0.74,0.5797665369649806,0.32620320855614976,0.8665059514841043,0.7387323943661972,0.547670639219935,0.9487375669472073,0.7928549044186776,0.6601587301587302
e,average,semeval2012-v6,1,-parent,loob,9,1330.0580017089844,0.314540059347181,0.40789473684210525,0.3888888888888889,0.74,0.5797665369649806,0.32620320855614976,0.8665059514841043,0.7387323943661972,0.547670639219935,0.9487375669472073,0.7928549044186776,0.6601587301587302
e,average,semeval2012-v6,2,,loob,9,-17.32052035579294,0.34718100890207715,0.3508771929824561,0.37037037037037035,0.662,0.48916064480266813,0.3502673796791444,0.8389332529757421,0.715962441314554,0.5200433369447454,0.9359393475690339,0.8166718896897525,0.6438492063492064
e,average,semeval2012-v6,2,-child,loob,9,-13.369240326217458,0.34718100890207715,0.3508771929824561,0.37037037037037035,0.662,0.48916064480266813,0.3502673796791444,0.8389332529757421,0.715962441314554,0.5200433369447454,0.9359393475690339,0.8166718896897525,0.5426190476190476
e,average,semeval2012-v6,2,-child-prototypical,loob,9,-23.031361280136426,0.34718100890207715,0.3508771929824561,0.37037037037037035,0.662,0.48916064480266813,0.3502673796791444,0.8389332529757421,0.715962441314554,0.5200433369447454,0.9359393475690339,0.8166718896897525,0.5426190476190476
e,average,semeval2012-v6,2,-parent,loob,9,1319.2029907226563,0.34718100890207715,0.3508771929824561,0.37037037037037035,0.662,0.48916064480266813,0.3502673796791444,0.8389332529757421,0.715962441314554,0.5200433369447454,0.9359393475690339,0.8166718896897525,0.5426190476190476
a,mask,semeval2012-v6,0,,loob,10,-18.310248607975634,0.4391691394658754,0.4605263157894737,0.47453703703703703,0.872,0.6303501945525292,0.4358288770053476,0.8976947416001205,0.8131455399061033,0.6462621885157096,0.9581971204006399,0.8840488874960827,0.7517063492063492
a,mask,semeval2012-v6,0,-child,loob,10,-15.360047141207925,0.4391691394658754,0.4605263157894737,0.47453703703703703,0.872,0.6303501945525292,0.4358288770053476,0.8976947416001205,0.8131455399061033,0.6462621885157096,0.9581971204006399,0.8840488874960827,0.7517063492063492
a,mask,semeval2012-v6,0,-child-prototypical,loob,8,-21.64013429688189,0.42136498516320475,0.4473684210526316,0.44907407407407407,0.822,0.6020011117287382,0.43315508021390375,0.9016121741750791,0.8072769953051643,0.6538461538461539,0.9568060095986646,0.8740206831714196,0.665813492063492
a,mask,semeval2012-v6,0,-parent,loob,10,1197.6853332519531,0.4391691394658754,0.4605263157894737,0.47453703703703703,0.872,0.6303501945525292,0.4358288770053476,0.8976947416001205,0.8131455399061033,0.6462621885157096,0.9581971204006399,0.8840488874960827,0.7517063492063492
a,mask,semeval2012-v6,1,,loob,9,-18.60976458618388,0.49258160237388726,0.44298245614035087,0.4537037037037037,0.742,0.5714285714285714,0.4839572192513369,0.8826276932348952,0.8068075117370893,0.6592632719393283,0.9498504555887877,0.857724851143842,0.6438492063492064
a,mask,semeval2012-v6,1,-child,loob,9,-15.082316078717195,0.49258160237388726,0.44298245614035087,0.4537037037037037,0.742,0.5714285714285714,0.4839572192513369,0.8826276932348952,0.8068075117370893,0.6592632719393283,0.9498504555887877,0.857724851143842,0.7941865079365079
a,mask,semeval2012-v6,1,-child-prototypical,loob,9,-22.003397808426275,0.49258160237388726,0.44298245614035087,0.4537037037037037,0.742,0.5714285714285714,0.4839572192513369,0.8826276932348952,0.8068075117370893,0.6592632719393283,0.9498504555887877,0.857724851143842,0.7941865079365079
a,mask,semeval2012-v6,1,-parent,loob,9,1159.0307495117188,0.49258160237388726,0.44298245614035087,0.4537037037037037,0.742,0.5714285714285714,0.4839572192513369,0.8826276932348952,0.8068075117370893,0.6592632719393283,0.9498504555887877,0.857724851143842,0.7941865079365079
a,mask,semeval2012-v6,2,,loob,9,-18.684419652409265,0.41839762611275966,0.40789473684210525,0.41898148148148145,0.774,0.594774874930517,0.4197860962566845,0.9005574807895134,0.8077464788732395,0.6359696641386782,0.9577797871600473,0.8633657160764651,0.7953373015873015
a,mask,semeval2012-v6,2,-child,loob,9,-14.99722523628911,0.41839762611275966,0.40789473684210525,0.41898148148148145,0.774,0.594774874930517,0.4197860962566845,0.9005574807895134,0.8077464788732395,0.6359696641386782,0.9577797871600473,0.8633657160764651,0.7953373015873015
a,mask,semeval2012-v6,2,-child-prototypical,loob,9,-22.405194007139155,0.41839762611275966,0.40789473684210525,0.41898148148148145,0.774,0.594774874930517,0.4197860962566845,0.9005574807895134,0.8077464788732395,0.6359696641386782,0.9577797871600473,0.8633657160764651,0.7953373015873015
a,mask,semeval2012-v6,2,-parent,loob,8,1211.6008361816407,0.3887240356083086,0.37719298245614036,0.4351851851851852,0.754,0.5919955530850473,0.4037433155080214,0.8952840138616845,0.7962441314553991,0.6348862405200434,0.9495026778882938,0.8721403948605453,0.756984126984127
b,mask,semeval2012-v6,0,,loob,6,-17.989410045184616,0.3827893175074184,0.37280701754385964,0.4097222222222222,0.708,0.5519733185102835,0.37967914438502676,0.8978454120837728,0.8124413145539906,0.6484290357529794,0.9574320094595534,0.8784080225634597,0.6438492063492064
b,mask,semeval2012-v6,0,-child,loob,10,-14.032425747642034,0.42433234421364985,0.4166666666666667,0.39351851851851855,0.726,0.5147304057809894,0.42513368983957217,0.8826276932348952,0.8049295774647888,0.6511375947995667,0.960562008763998,0.8639924788467563,0.8402777777777778
b,mask,semeval2012-v6,0,-child-prototypical,loob,10,-19.832904088660076,0.42433234421364985,0.4166666666666667,0.39351851851851855,0.726,0.5147304057809894,0.42513368983957217,0.8826276932348952,0.8049295774647888,0.6511375947995667,0.960562008763998,0.8639924788467563,0.8402777777777778
b,mask,semeval2012-v6,0,-parent,loob,10,1292.0313354492187,0.42433234421364985,0.4166666666666667,0.39351851851851855,0.726,0.5147304057809894,0.42513368983957217,0.8826276932348952,0.8049295774647888,0.6511375947995667,0.960562008763998,0.8639924788467563,0.8402777777777778
b,mask,semeval2012-v6,1,,loob,9,-18.171200584880925,0.37388724035608306,0.4649122807017544,0.4699074074074074,0.732,0.5063924402445803,0.37433155080213903,0.9029682085279493,0.8000000000000002,0.6370530877573131,0.9563886763580719,0.8693199623942337,0.6438492063492064
b,mask,semeval2012-v6,1,-child,loob,5,-13.251692940917197,0.43026706231454004,0.41228070175438597,0.4074074074074074,0.73,0.548082267926626,0.4304812834224599,0.8963387072472503,0.8039906103286385,0.6576381365113759,0.9616748974055783,0.8696333437793794,0.7363888888888889
b,mask,semeval2012-v6,1,-child-prototypical,loob,9,-20.409019754390524,0.37388724035608306,0.4649122807017544,0.4699074074074074,0.732,0.5063924402445803,0.37433155080213903,0.9029682085279493,0.8000000000000002,0.6370530877573131,0.9563886763580719,0.8693199623942337,0.7918253968253969
b,mask,semeval2012-v6,1,-parent,loob,5,1296.3414947509766,0.43026706231454004,0.41228070175438597,0.4074074074074074,0.73,0.548082267926626,0.4304812834224599,0.8963387072472503,0.8039906103286385,0.6576381365113759,0.9616748974055783,0.8696333437793794,0.7363888888888889
b,mask,semeval2012-v6,2,,loob,9,-18.31021958925923,0.42729970326409494,0.4517543859649123,0.4212962962962963,0.8,0.6286826014452473,0.42245989304812837,0.891366581286726,0.8321596244131455,0.6641386782231853,0.9580580093204424,0.8746474459417111,0.6438492063492064
b,mask,semeval2012-v6,2,-child,loob,9,-14.057031836690783,0.42729970326409494,0.4517543859649123,0.4212962962962963,0.8,0.6286826014452473,0.42245989304812837,0.891366581286726,0.8321596244131455,0.6641386782231853,0.9580580093204424,0.8746474459417111,0.7464087301587301
b,mask,semeval2012-v6,2,-child-prototypical,loob,9,-20.54479205856278,0.42729970326409494,0.4517543859649123,0.4212962962962963,0.8,0.6286826014452473,0.42245989304812837,0.891366581286726,0.8321596244131455,0.6641386782231853,0.9580580093204424,0.8746474459417111,0.7464087301587301
b,mask,semeval2012-v6,2,-parent,loob,10,1267.8287841796875,0.4124629080118694,0.43859649122807015,0.4583333333333333,0.776,0.6542523624235687,0.4117647058823529,0.9085430164230828,0.819718309859155,0.6516793066088841,0.9615357863253808,0.8799749294891883,0.8018849206349207
c,mask,semeval2012-v6,0,,loob,8,-18.10992628618503,0.42136498516320475,0.38596491228070173,0.4398148148148148,0.82,0.6214563646470261,0.4144385026737968,0.9068856411029079,0.8016431924882629,0.6495124593716143,0.9609097864644919,0.8602319022250078,0.6438492063492064
c,mask,semeval2012-v6,0,-child,loob,10,-11.17436377006241,0.3916913946587537,0.39035087719298245,0.4097222222222222,0.83,0.6525847693162868,0.39572192513368987,0.9025161970769926,0.8093896713615022,0.6305525460455038,0.9573624539194547,0.8639924788467563,0.6477777777777778
c,mask,semeval2012-v6,0,-child-prototypical,loob,10,-19.911075870266856,0.3916913946587537,0.39035087719298245,0.4097222222222222,0.83,0.6525847693162868,0.39572192513368987,0.9025161970769926,0.8093896713615022,0.6305525460455038,0.9573624539194547,0.8639924788467563,0.6477777777777778
c,mask,semeval2012-v6,0,-parent,loob,2,1396.0268310546876,0.29376854599406527,0.3815789473684211,0.3541666666666667,0.658,0.5269594219010562,0.2967914438502674,0.8921199337049872,0.7835680751173709,0.6034669555796316,0.9533977881338248,0.8517706048260734,0.6727579365079365
c,mask,semeval2012-v6,1,,loob,9,-18.411099649713485,0.4065281899109792,0.40789473684210525,0.37962962962962965,0.736,0.6142301278488049,0.4144385026737968,0.8940786499924664,0.8112676056338028,0.628385698808234,0.9612575641649858,0.8655593857724851,0.6438492063492064
c,mask,semeval2012-v6,1,-child,loob,9,-12.550387424758718,0.4065281899109792,0.40789473684210525,0.37962962962962965,0.736,0.6142301278488049,0.4144385026737968,0.8940786499924664,0.8112676056338028,0.628385698808234,0.9612575641649858,0.8655593857724851,0.6790674603174603
c,mask,semeval2012-v6,1,-child-prototypical,loob,9,-20.926829070897593,0.4065281899109792,0.40789473684210525,0.37962962962962965,0.736,0.6142301278488049,0.4144385026737968,0.8940786499924664,0.8112676056338028,0.628385698808234,0.9612575641649858,0.8655593857724851,0.6790674603174603
c,mask,semeval2012-v6,1,-parent,loob,9,1337.5869750976562,0.4065281899109792,0.40789473684210525,0.37962962962962965,0.736,0.6142301278488049,0.4144385026737968,0.8940786499924664,0.8112676056338028,0.628385698808234,0.9612575641649858,0.8655593857724851,0.6790674603174603
c,mask,semeval2012-v6,2,,loob,9,-18.04458699915264,0.37091988130563797,0.41228070175438597,0.3958333333333333,0.718,0.6158977209560867,0.3609625668449198,0.9059816182009944,0.8042253521126761,0.6218851570964247,0.966613340752591,0.8699467251645252,0.6438492063492064
c,mask,semeval2012-v6,2,-child,loob,5,-9.730295470998257,0.3590504451038576,0.39035087719298245,0.38425925925925924,0.72,0.6203446359088383,0.3609625668449198,0.8995027874039475,0.8176056338028169,0.6208017334777898,0.9645962300897266,0.8752742087120025,0.5669047619047619
c,mask,semeval2012-v6,2,-child-prototypical,loob,8,-18.529900101204394,0.35311572700296734,0.3815789473684211,0.36574074074074076,0.696,0.5814341300722624,0.3422459893048128,0.8976947416001205,0.794131455399061,0.6153846153846154,0.9678653404743688,0.8633657160764651,0.5262301587301588
c,mask,semeval2012-v6,2,-parent,loob,5,1470.2892822265626,0.3590504451038576,0.39035087719298245,0.38425925925925924,0.72,0.6203446359088383,0.3609625668449198,0.8995027874039475,0.8176056338028169,0.6208017334777898,0.9645962300897266,0.8752742087120025,0.5669047619047619
d,mask,semeval2012-v6,0,,loob,10,-18.284617054274065,0.4421364985163205,0.4342105263157895,0.4375,0.812,0.6214563646470261,0.4411764705882353,0.8945306614434232,0.8035211267605635,0.6413867822318526,0.9607011198441956,0.8661861485427765,0.6438492063492064
d,mask,semeval2012-v6,0,-child,loob,10,-14.950165458872348,0.4421364985163205,0.4342105263157895,0.4375,0.812,0.6214563646470261,0.4411764705882353,0.8945306614434232,0.8035211267605635,0.6413867822318526,0.9607011198441956,0.8661861485427765,0.7220039682539683
d,mask,semeval2012-v6,0,-child-prototypical,loob,10,-22.637018949448603,0.4421364985163205,0.4342105263157895,0.4375,0.812,0.6214563646470261,0.4411764705882353,0.8945306614434232,0.8035211267605635,0.6413867822318526,0.9607011198441956,0.8661861485427765,0.7220039682539683
d,mask,semeval2012-v6,0,-parent,loob,10,1216.3625793457031,0.4421364985163205,0.4342105263157895,0.4375,0.812,0.6214563646470261,0.4411764705882353,0.8945306614434232,0.8035211267605635,0.6413867822318526,0.9607011198441956,0.8661861485427765,0.7220039682539683
d,mask,semeval2012-v6,1,,loob,9,-18.381412186956297,0.45103857566765576,0.4649122807017544,0.4513888888888889,0.854,0.6381322957198443,0.45989304812834225,0.8866957962935063,0.8230046948356807,0.6451787648970747,0.952145788412047,0.8655593857724851,0.6438492063492064
d,mask,semeval2012-v6,1,-child,loob,5,-15.320678759224807,0.5103857566765578,0.5175438596491229,0.46064814814814814,0.872,0.6309060589216231,0.5106951871657754,0.9059816182009944,0.8455399061032864,0.6652221018418202,0.9582666759407387,0.8859291758069571,0.8301190476190476
d,mask,semeval2012-v6,1,-child-prototypical,loob,9,-22.106053824376577,0.45103857566765576,0.4649122807017544,0.4513888888888889,0.854,0.6381322957198443,0.45989304812834225,0.8866957962935063,0.8230046948356807,0.6451787648970747,0.952145788412047,0.8655593857724851,0.7900396825396825
d,mask,semeval2012-v6,1,-parent,loob,9,1157.111572265625,0.45103857566765576,0.4649122807017544,0.4513888888888889,0.854,0.6381322957198443,0.45989304812834225,0.8866957962935063,0.8230046948356807,0.6451787648970747,0.952145788412047,0.8655593857724851,0.7900396825396825
d,mask,semeval2012-v6,2,,loob,9,-18.111431303734705,0.47477744807121663,0.43859649122807015,0.4537037037037037,0.868,0.6753752084491385,0.47593582887700536,0.9029682085279493,0.8276995305164319,0.6522210184182016,0.9555540098768867,0.872453776245691,0.6438492063492064
d,mask,semeval2012-v6,2,-child,loob,9,-15.31793299807778,0.47477744807121663,0.43859649122807015,0.4537037037037037,0.868,0.6753752084491385,0.47593582887700536,0.9029682085279493,0.8276995305164319,0.6522210184182016,0.9555540098768867,0.872453776245691,0.7243055555555555
d,mask,semeval2012-v6,2,-child-prototypical,loob,9,-21.61848087730113,0.47477744807121663,0.43859649122807015,0.4537037037037037,0.868,0.6753752084491385,0.47593582887700536,0.9029682085279493,0.8276995305164319,0.6522210184182016,0.9555540098768867,0.872453776245691,0.7243055555555555
d,mask,semeval2012-v6,2,-parent,loob,10,1198.3846771240235,0.49554896142433236,0.4824561403508772,0.4791666666666667,0.87,0.6564758198999444,0.5053475935828877,0.9022148561096881,0.8265258215962441,0.6505958829902492,0.946442234123948,0.8815418364149169,0.712579365079365
e,mask,semeval2012-v6,0,,loob,6,-18.001753016465404,0.37388724035608306,0.35526315789473684,0.3773148148148148,0.72,0.4324624791550862,0.3716577540106952,0.896790718698207,0.795774647887324,0.6235102925243771,0.9611184530847882,0.8617988091507365,0.6438492063492064
e,mask,semeval2012-v6,0,-child,loob,10,-13.526562696770776,0.4391691394658754,0.42105263157894735,0.39814814814814814,0.738,0.519177320733741,0.4358288770053476,0.906282959168299,0.8178403755868544,0.6267605633802817,0.9549975655560965,0.8755875900971483,0.8185912698412698
e,mask,semeval2012-v6,0,-child-prototypical,loob,10,-21.364842736147303,0.4391691394658754,0.42105263157894735,0.39814814814814814,0.738,0.519177320733741,0.4358288770053476,0.906282959168299,0.8178403755868544,0.6267605633802817,0.9549975655560965,0.8755875900971483,0.8185912698412698
e,mask,semeval2012-v6,0,-parent,loob,10,1285.5274475097656,0.4391691394658754,0.42105263157894735,0.39814814814814814,0.738,0.519177320733741,0.4358288770053476,0.906282959168299,0.8178403755868544,0.6267605633802817,0.9549975655560965,0.8755875900971483,0.8185912698412698
e,mask,semeval2012-v6,1,,loob,9,-18.080795170760315,0.3827893175074184,0.39473684210526316,0.4050925925925926,0.748,0.5169538632573653,0.3877005347593583,0.8945306614434232,0.8305164319248827,0.6468039003250271,0.955762676497183,0.8834221247257913,0.6438492063492064
e,mask,semeval2012-v6,1,-child,loob,9,-13.792156617852706,0.3827893175074184,0.39473684210526316,0.4050925925925926,0.748,0.5169538632573653,0.3877005347593583,0.8945306614434232,0.8305164319248827,0.6468039003250271,0.955762676497183,0.8834221247257913,0.7979166666666667
e,mask,semeval2012-v6,1,-child-prototypical,loob,9,-20.67141190187179,0.3827893175074184,0.39473684210526316,0.4050925925925926,0.748,0.5169538632573653,0.3877005347593583,0.8945306614434232,0.8305164319248827,0.6468039003250271,0.955762676497183,0.8834221247257913,0.7979166666666667
e,mask,semeval2012-v6,1,-parent,loob,9,1291.2589263916016,0.3827893175074184,0.39473684210526316,0.4050925925925926,0.748,0.5169538632573653,0.3877005347593583,0.8945306614434232,0.8305164319248827,0.6468039003250271,0.955762676497183,0.8834221247257913,0.7979166666666667
e,mask,semeval2012-v6,2,,loob,9,-17.888754174348733,0.3887240356083086,0.39035087719298245,0.3958333333333333,0.712,0.46581434130072263,0.37967914438502676,0.9002561398222089,0.8049295774647888,0.6294691224268689,0.9616748974055783,0.8661861485427765,0.6438492063492064
e,mask,semeval2012-v6,2,-child,loob,9,-12.420237317869935,0.3887240356083086,0.39035087719298245,0.3958333333333333,0.712,0.46581434130072263,0.37967914438502676,0.9002561398222089,0.8049295774647888,0.6294691224268689,0.9616748974055783,0.8661861485427765,0.7862698412698412
e,mask,semeval2012-v6,2,-child-prototypical,loob,9,-21.245145189712535,0.3887240356083086,0.39035087719298245,0.3958333333333333,0.712,0.46581434130072263,0.37967914438502676,0.9002561398222089,0.8049295774647888,0.6294691224268689,0.9616748974055783,0.8661861485427765,0.7862698412698412
e,mask,semeval2012-v6,2,-parent,loob,9,1373.0764099121093,0.3887240356083086,0.39035087719298245,0.3958333333333333,0.712,0.46581434130072263,0.37967914438502676,0.9002561398222089,0.8049295774647888,0.6294691224268689,0.9616748974055783,0.8661861485427765,0.7862698412698412
